"日期","收市","開市","高","低","成交量","升跌（%）"
"2023-8-16","35,101.00","35,022.00","35,188.00","34,937.00","85.04K","0.27%"
"2023-8-15","35,007.00","35,347.00","35,413.00","34,957.00","1.07K","-1.03%"
"2023-8-14","35,371.00","35,391.00","35,456.00","35,226.00","131.74K","0.06%"
"2023-8-11","35,351.00","35,265.00","35,431.00","35,115.00","139.82K","0.28%"
"2023-8-10","35,251.00","35,271.00","35,660.00","35,179.00","206.77K","0.14%"
"2023-8-9","35,202.00","35,376.00","35,494.00","35,131.00","140.79K","-0.55%"
"2023-8-8","35,395.00","35,563.00","35,569.00","35,076.00","153.08K","-0.45%"
"2023-8-7","35,554.00","35,150.00","35,589.00","35,140.00","146.89K","1.16%"
"2023-8-5","35,145.00","35,145.00","35,145.00","35,145.00","","-0.02%"
"2023-8-4","35,153.00","35,295.00","35,602.00","35,117.00","183.91K","-0.45%"
"2023-8-3","35,312.00","35,396.00","35,494.00","35,216.00","153.65K","-0.26%"
"2023-8-2","35,403.00","35,650.00","35,728.00","35,333.00","167.19K","-0.99%"
"2023-8-1","35,757.00","35,706.00","35,810.00","35,571.00","125.39K","0.17%"
"2023-7-31","35,695.00","35,598.00","35,713.00","35,511.00","105.89K","0.29%"
"2023-7-28","35,592.00","35,439.00","35,708.00","35,376.00","144.65K","0.45%"
"2023-7-27","35,431.00","35,635.00","35,843.00","35,346.00","188.13K","-0.71%"
"2023-7-26","35,684.00","35,573.00","35,800.00","35,470.00","173.88K","0.22%"
"2023-7-25","35,604.00","35,584.00","35,693.00","35,527.00","124.98K","0.06%"
"2023-7-24","35,581.00","35,397.00","35,638.00","35,351.00","127.73K","0.55%"
"2023-7-22","35,385.00","35,385.00","35,385.00","35,385.00","","-0.04%"
"2023-7-21","35,398.00","35,413.00","35,516.00","35,348.00","144.93K","-0.01%"
"2023-7-20","35,401.00","35,237.00","35,549.00","35,192.00","176.63K","0.42%"
"2023-7-19","35,253.00","35,120.00","35,417.00","35,110.00","167.59K","0.32%"
"2023-7-18","35,142.00","34,744.00","35,173.00","34,691.00","155.19K","1.09%"
"2023-7-17","34,763.00","34,647.00","34,850.00","34,580.00","117.30K","0.25%"
"2023-7-14","34,678.00","34,547.00","34,788.00","34,495.00","135.13K","0.25%"
"2023-7-13","34,590.00","34,570.00","34,675.00","34,543.00","110.88K","0.12%"
"2023-7-12","34,550.00","34,439.00","34,792.00","34,410.00","151.14K","0.25%"
"2023-7-11","34,464.00","34,151.00","34,493.00","34,060.00","140.62K","0.93%"
"2023-7-10","34,146.00","33,968.00","34,169.00","33,803.00","123.29K","0.62%"
"2023-7-7","33,937.00","34,107.00","34,244.00","33,918.00","137.65K","-0.57%"
"2023-7-6","34,131.00","34,488.00","34,495.00","33,967.00","159.33K","-1.10%"
"2023-7-5","34,509.00","34,628.00","34,652.00","34,435.00","144.07K","-0.27%"
"2023-7-4","34,604.00","34,624.00","34,652.00","34,584.00","30.44K","-0.10%"
"2023-7-3","34,637.00","34,619.00","34,688.00","34,510.00","73.71K","-0.02%"
"2023-6-30","34,643.00","34,325.00","34,705.00","34,313.00","125.43K","0.84%"
"2023-6-29","34,353.00","34,145.00","34,388.00","34,051.00","158.62K","0.74%"
"2023-6-28","34,101.00","34,169.00","34,218.00","33,993.00","150.80K","-0.24%"
"2023-6-27","34,183.00","34,002.00","34,232.00","33,901.00","149.65K","0.62%"
"2023-6-26","33,971.00","33,977.00","34,072.00","33,855.00","131.13K","-0.02%"
"2023-6-23","33,977.00","34,250.00","34,250.00","33,888.00","144.69K","-0.68%"
"2023-6-22","34,210.00","34,248.00","34,274.00","34,096.00","133.73K","-0.07%"
"2023-6-21","34,235.00","34,328.00","34,387.00","34,160.00","131.66K","-0.35%"
"2023-6-20","34,356.00","34,621.00","34,649.00","34,197.00","189.09K","-0.44%"
"2023-6-19","34,507.00","34,589.00","34,612.00","34,473.00","44.44K","-0.24%"
"2023-6-18","34,591.00","34,626.00","34,627.00","34,582.00","1.50K","0.03%"
"2023-6-16","34,582.19","34,395.00","34,699.00","34,370.00","2.35K","0.47%"
"2023-6-15","34,420.00","33,993.00","34,496.00","33,875.00","26.16K","1.27%"
"2023-6-14","33,990.00","34,221.00","34,221.00","33,793.00","40.06K","-0.70%"
"2023-6-13","34,228.00","34,093.00","34,330.00","34,010.00","82.12K","-0.47%"
"2023-6-12","34,389.00","34,190.00","34,402.00","34,185.00","154.30K","0.55%"
"2023-6-9","34,202.00","34,132.00","34,294.00","34,027.00","56.26K","0.13%"
"2023-6-8","34,159.00","34,012.00","34,203.00","33,920.00","19.02K","1.33%"
"2023-6-7","33,709.00","33,611.00","33,745.00","33,542.00","170.14K","0.27%"
"2023-6-6","33,617.00","33,612.00","33,677.00","33,448.00","161.27K","-0.01%"
"2023-6-5","33,619.00","33,817.00","33,894.00","33,600.00","177.15K","-0.59%"
"2023-6-2","33,817.00","33,143.00","33,863.00","33,120.00","218.21K","2.16%"
"2023-6-1","33,103.00","32,910.00","33,212.00","32,737.00","186.75K","0.38%"
"2023-5-31","32,979.00","33,064.00","33,076.00","32,793.00","174.70K","-0.33%"
"2023-5-30","33,089.00","33,279.00","33,330.00","32,921.00","203.08K","-0.23%"
"2023-5-29","33,166.00","33,237.00","33,266.00","33,158.00","27.86K","-0.23%"
"2023-5-28","33,242.00","33,300.00","33,300.00","33,232.00","3.17K","0.35%"
"2023-5-26","33,125.00","32,792.00","33,202.00","32,724.00","168.33K","0.97%"
"2023-5-25","32,806.00","32,897.00","32,914.00","32,619.00","194.76K","-0.15%"
"2023-5-24","32,854.00","33,131.00","33,184.00","32,806.00","184.60K","-0.84%"
"2023-5-23","33,132.00","33,396.00","33,479.00","33,070.00","178.44K","-0.68%"
"2023-5-22","33,360.00","33,412.00","33,587.00","33,273.00","152.19K","-0.41%"
"2023-5-19","33,496.00","33,625.00","33,731.00","33,394.00","181.17K","-0.36%"
"2023-5-18","33,618.00","33,473.00","33,651.00","33,281.00","183.60K","0.42%"
"2023-5-17","33,478.00","33,094.00","33,540.00","33,062.00","169.60K","1.26%"
"2023-5-16","33,060.00","33,385.00","33,397.00","33,032.00","145.84K","-1.01%"
"2023-5-15","33,398.00","33,321.00","33,506.00","33,212.00","130.11K","0.13%"
"2023-5-12","33,355.00","33,367.00","33,544.00","33,163.00","145.45K","-0.05%"
"2023-5-11","33,371.00","33,594.00","33,683.00","33,180.00","151.68K","-0.69%"
"2023-5-10","33,602.00","33,630.00","33,854.00","33,297.00","201.17K","-0.10%"
"2023-5-9","33,637.00","33,684.00","33,726.00","33,539.00","103.17K","-0.14%"
"2023-5-8","33,685.00","33,753.00","33,848.00","33,566.00","104.60K","-0.16%"
"2023-5-5","33,739.00","33,190.00","33,822.00","33,173.00","152.68K","1.64%"
"2023-5-4","33,196.00","33,392.00","33,562.00","33,004.00","219.40K","-0.88%"
"2023-5-3","33,492.00","33,752.00","33,917.00","33,400.00","184.19K","-0.83%"
"2023-5-2","33,772.00","34,111.00","34,188.00","33,520.00","194.06K","-1.11%"
"2023-5-1","34,152.00","34,216.00","34,363.00","34,106.00","109.77K","-0.14%"
"2023-4-28","34,200.00","33,861.00","34,236.00","33,752.00","169.86K","0.80%"
"2023-4-27","33,929.00","33,444.00","33,967.00","33,421.00","173.75K","1.51%"
"2023-4-26","33,424.00","33,726.00","33,762.00","33,347.00","184.15K","-0.68%"
"2023-4-25","33,652.00","34,006.00","34,007.00","33,643.00","179.21K","-1.03%"
"2023-4-24","34,001.00","33,922.00","34,024.00","33,775.00","121.54K","0.15%"
"2023-4-21","33,950.00","33,899.00","33,996.00","33,809.00","145.06K","0.12%"
"2023-4-20","33,909.00","34,014.00","34,033.00","33,802.00","147.31K","-0.36%"
"2023-4-19","34,033.00","34,104.00","34,105.00","33,942.00","124.52K","-0.27%"
"2023-4-18","34,124.00","34,123.00","34,287.00","33,928.00","140.67K","-0.01%"
"2023-4-17","34,129.00","34,125.00","34,148.00","33,938.00","128.28K","0.27%"
"2023-4-14","34,037.00","34,130.00","34,275.00","33,877.00","187.28K","-0.45%"
"2023-4-13","34,190.00","33,788.00","34,216.00","33,747.00","142.66K","1.11%"
"2023-4-12","33,813.00","33,881.00","34,119.00","33,760.00","170.02K","-0.12%"
"2023-4-11","33,852.00","33,766.00","33,953.00","33,730.00","121.33K","0.30%"
"2023-4-10","33,751.00","33,699.00","33,784.00","33,508.00","109.23K","0.27%"
"2023-4-7","33,659.00","33,629.00","33,774.00","33,577.00","13.57K","0.00%"
"2023-4-6","33,659.00","33,634.00","33,716.00","33,486.00","124.32K","0.01%"
"2023-4-5","33,656.00","33,626.00","33,720.00","33,503.00","138.42K","0.24%"
"2023-4-4","33,577.00","33,766.00","33,877.00","33,455.00","138.74K","-0.62%"
"2023-4-3","33,786.00","33,441.00","33,821.00","33,436.00","131.79K","0.97%"
"2023-3-31","33,460.00","33,039.00","33,549.00","33,003.00","136.55K","1.26%"
"2023-3-30","33,044.00","32,894.00","33,123.00","32,863.00","132.07K","0.43%"
"2023-3-29","32,903.00","32,622.00","32,924.00","32,616.00","135.01K","0.97%"
"2023-3-28","32,588.00","32,667.00","32,784.00","32,486.00","120.17K","-0.13%"
"2023-3-27","32,631.00","32,486.00","32,770.00","32,418.00","136.41K","0.61%"
"2023-3-24","32,434.00","32,381.00","32,485.00","31,945.00","193.25K","0.36%"
"2023-3-23","32,319.00","32,296.00","32,733.00","32,054.00","214.72K","0.19%"
"2023-3-22","32,258.00","32,789.00","32,994.00","32,231.00","185.80K","-1.57%"
"2023-3-21","32,774.00","32,474.00","32,830.00","32,441.00","136.93K","0.98%"
"2023-3-20","32,456.00","32,142.00","32,510.00","31,657.00","221.27K","1.09%"
"2023-3-17","32,106.30","32,230.00","32,351.00","31,931.00","2.56K","-0.44%"
"2023-3-16","32,249.00","31,850.00","32,283.00","31,566.00","39.73K","1.18%"
"2023-3-15","31,872.00","32,160.00","32,203.00","31,428.00","59.92K","-0.90%"
"2023-3-14","32,161.00","31,909.00","32,311.00","31,805.00","95.69K","1.04%"
"2023-3-13","31,830.00","32,029.00","32,366.00","31,530.00","201.52K","-1.04%"
"2023-3-10","32,165.00","32,534.00","32,692.00","32,043.00","138.64K","-1.10%"
"2023-3-9","32,524.00","33,091.00","33,278.00","32,455.00","25.47K","-1.70%"
"2023-3-8","33,086.00","33,150.00","33,208.00","32,900.00","2.96K","-0.15%"
"2023-3-7","33,137.00","33,711.00","33,779.00","33,117.00","2.19K","-1.73%"
"2023-3-6","33,719.00","33,628.00","33,855.00","33,625.00","1.20K","0.91%"
"2023-3-3","33,414.00","33,004.00","33,430.00","32,953.00","148.71K","1.20%"
"2023-3-2","33,018.00","32,845.00","33,107.00","32,639.00","163.24K","0.99%"
"2023-3-1","32,693.00","32,652.00","32,864.00","32,527.00","188.69K","0.03%"
"2023-2-28","32,682.00","32,940.00","33,021.00","32,607.00","158.69K","-0.69%"
"2023-2-27","32,909.00","32,816.00","33,211.00","32,783.00","156.50K","0.25%"
"2023-2-24","32,826.00","33,139.00","33,197.00","32,648.00","179.17K","-1.07%"
"2023-2-23","33,182.00","33,097.00","33,294.00","32,816.00","173.20K","0.31%"
"2023-2-22","33,079.00","33,186.00","33,273.00","32,976.00","161.68K","-0.25%"
"2023-2-21","33,162.00","33,844.00","33,875.00","33,141.00","192.79K","-1.80%"
"2023-2-20","33,770.00","33,828.00","33,875.00","33,738.00","21.94K","-0.17%"
"2023-2-19","33,827.00","33,840.00","33,856.00","33,806.00","0.79K","-0.12%"
"2023-2-17","33,866.00","33,719.00","33,889.00","33,514.00","183.82K","0.38%"
"2023-2-16","33,739.00","34,169.00","34,233.00","33,709.00","193.14K","-1.27%"
"2023-2-15","34,174.00","34,086.00","34,193.00","33,871.00","158.06K","0.16%"
"2023-2-14","34,121.00","34,276.00","34,551.00","33,852.00","242.93K","-0.43%"
"2023-2-13","34,268.00","33,905.00","34,289.00","33,759.00","145.50K","1.10%"
"2023-2-10","33,895.00","33,760.00","33,924.00","33,543.00","186.97K","0.48%"
"2023-2-9","33,734.00","34,043.00","34,287.00","33,630.00","194.88K","-0.77%"
"2023-2-8","33,995.00","34,145.00","34,212.00","33,919.00","176.35K","-0.62%"
"2023-2-7","34,206.00","33,920.00","34,283.00","33,661.00","273.43K","0.80%"
"2023-2-6","33,934.00","33,886.00","34,010.00","33,685.00","164.85K","-0.08%"
"2023-2-3","33,962.00","34,048.00","34,226.00","33,821.00","226.64K","-0.40%"
"2023-2-2","34,097.00","34,126.00","34,214.00","33,857.00","194.09K","-0.15%"
"2023-2-1","34,148.00","34,132.00","34,407.00","33,624.00","207.74K","-0.02%"
"2023-1-31","34,156.00","33,819.00","34,166.00","33,579.00","147.86K","1.10%"
"2023-1-30","33,785.00","34,014.00","34,123.00","33,762.00","150.81K","-0.77%"
"2023-1-27","34,046.00","33,998.00","34,241.00","33,899.00","141.44K","0.07%"
"2023-1-26","34,023.00","33,813.00","34,044.00","33,701.00","163.84K","0.59%"
"2023-1-25","33,823.00","33,838.00","33,866.00","33,347.00","182.79K","-0.01%"
"2023-1-24","33,826.00","33,732.00","33,906.00","33,474.00","160.73K","0.29%"
"2023-1-23","33,727.00","33,471.00","33,885.00","33,402.00","176.74K","0.76%"
"2023-1-20","33,474.00","33,187.00","33,482.00","33,031.00","165.28K","1.01%"
"2023-1-19","33,139.00","33,368.00","33,391.00","33,067.00","176.09K","-0.74%"
"2023-1-18","33,386.00","34,006.00","34,131.00","33,365.00","200.01K","-1.86%"
"2023-1-17","34,020.00","34,436.00","34,489.00","33,970.00","189.74K","-1.11%"
"2023-1-16","34,402.00","34,404.00","34,487.00","34,303.00","23.22K","0.01%"
"2023-1-15","34,398.00","34,441.00","34,446.00","34,390.00","1.41K","-0.05%"
"2023-1-13","34,416.00","34,308.00","34,464.00","34,006.00","152.64K","0.28%"
"2023-1-12","34,319.00","34,119.00","34,422.00","33,850.00","206.58K","0.61%"
"2023-1-11","34,110.00","33,849.00","34,125.00","33,826.00","122.66K","0.77%"
"2023-1-10","33,849.00","33,674.00","33,870.00","33,489.00","141.92K","0.53%"
"2023-1-9","33,670.00","33,790.00","34,080.00","33,630.00","153.57K","-0.30%"
"2023-1-6","33,772.00","33,082.00","33,863.00","33,032.00","238.43K","2.12%"
"2023-1-5","33,070.00","33,380.00","33,467.00","32,943.00","173.18K","-1.04%"
"2023-1-4","33,416.00","33,238.00","33,564.00","33,171.00","187.17K","0.41%"
"2023-1-3","33,278.00","33,485.00","33,643.00","32,983.00","196.90K","-0.28%"
"2023-1-2","33,373.00","33,315.00","33,516.00","33,315.00","3.45K","0.17%"
"2023-1-1","33,315.00","33,315.00","33,315.00","33,315.00","","0.09%"
"2022-12-30","33,285.00","33,351.00","33,370.00","32,989.00","119.35K","-0.27%"
"2022-12-29","33,375.00","33,067.00","33,458.00","32,999.00","105.02K","1.00%"
"2022-12-28","33,046.00","33,427.00","33,567.00","33,026.00","137.87K","-1.11%"
"2022-12-27","33,416.00","33,399.00","33,613.00","33,236.00","125.98K","-0.36%"
"2022-12-26","33,537.00","33,457.00","33,546.00","33,451.00","2.08K","0.55%"
"2022-12-25","33,352.00","33,352.00","33,352.00","33,352.00","","-0.07%"
"2022-12-23","33,375.00","33,215.00","33,411.00","32,989.00","158.61K","0.50%"
"2022-12-22","33,208.00","33,639.00","33,663.00","32,750.00","165.17K","-1.08%"
"2022-12-21","33,569.00","33,148.00","33,645.00","33,141.00","150.66K","1.56%"
"2022-12-20","33,053.00","32,950.00","33,204.00","32,686.00","156.32K","0.24%"
"2022-12-19","32,973.00","33,105.00","33,279.00","32,792.00","138.09K","0.02%"
"2022-12-16","32,966.46","33,200.00","33,270.00","32,779.00","3.25K","-0.74%"
"2022-12-15","33,212.00","34,032.00","34,088.00","33,021.00","36.19K","-2.30%"
"2022-12-14","33,993.00","34,124.00","34,420.00","33,718.00","45.58K","-0.41%"
"2022-12-13","34,133.00","33,997.00","34,984.00","33,911.00","83.53K","0.34%"
"2022-12-12","34,017.00","33,487.00","34,026.00","33,433.00","83.04K","1.55%"
"2022-12-9","33,498.00","33,791.00","33,960.00","33,478.00","135.31K","-0.90%"
"2022-12-8","33,803.00","33,621.00","33,931.00","33,482.00","163.24K","0.53%"
"2022-12-7","33,625.00","33,638.00","33,818.00","33,462.00","187.12K","-0.02%"
"2022-12-6","33,633.00","34,007.00","34,084.00","33,452.00","196.31K","-1.04%"
"2022-12-5","33,986.00","34,440.00","34,463.00","33,883.00","170.59K","-1.37%"
"2022-12-2","34,459.00","34,403.00","34,528.00","33,935.00","217.68K","0.09%"
"2022-12-1","34,429.00","34,616.00","34,707.00","34,157.00","246.22K","-0.49%"
"2022-11-30","34,599.00","33,866.00","34,647.00","33,623.00","285.45K","2.19%"
"2022-11-29","33,857.00","33,872.00","33,993.00","33,668.00","173.50K","-0.04%"
"2022-11-28","33,871.00","34,300.00","34,321.00","33,805.00","177.64K","-1.41%"
"2022-11-25","34,356.00","34,255.00","34,393.00","34,206.00","98.20K","0.27%"
"2022-11-24","34,265.00","34,258.00","34,302.00","34,225.00","24.77K","0.16%"
"2022-11-23","34,211.00","34,134.00","34,277.00","34,015.00","161.91K","0.25%"
"2022-11-22","34,126.00","33,734.00","34,138.00","33,658.00","142.86K","1.16%"
"2022-11-21","33,735.00","33,762.00","33,899.00","33,585.00","144.24K","-0.12%"
"2022-11-18","33,775.00","33,581.00","33,855.00","33,469.00","162.98K","0.58%"
"2022-11-17","33,581.00","33,675.00","33,732.00","33,189.00","170.67K","-0.03%"
"2022-11-16","33,591.00","33,569.00","33,733.00","33,471.00","178.33K","-0.04%"
"2022-11-15","33,605.00","33,628.00","34,026.00","33,324.00","257.57K","0.13%"
"2022-11-14","33,561.00","33,645.00","33,981.00","33,550.00","178.09K","-0.60%"
"2022-11-11","33,763.00","33,796.00","33,982.00","33,409.00","229.78K","0.15%"
"2022-11-10","33,712.00","32,535.00","33,800.00","32,450.00","260.41K","3.64%"
"2022-11-9","32,527.00","33,113.00","33,225.00","32,487.00","217.27K","-1.95%"
"2022-11-8","33,175.00","32,814.00","33,366.00","32,766.00","223.72K","1.03%"
"2022-11-7","32,838.00","32,272.00","32,904.00","32,113.00","184.17K","1.26%"
"2022-11-4","32,428.00","31,995.00","32,632.00","31,870.00","276.67K","1.28%"
"2022-11-3","32,017.00","32,186.00","32,273.00","31,738.00","199.60K","-0.50%"
"2022-11-2","32,178.00","32,657.00","33,106.00","32,121.00","260.43K","-1.55%"
"2022-11-1","32,685.00","32,769.00","33,026.00","32,510.00","224.69K","-0.27%"
"2022-10-31","32,775.00","32,920.00","32,941.00","32,617.00","201.24K","-0.37%"
"2022-10-28","32,896.00","32,043.00","33,002.00","31,884.00","230.00K","2.56%"
"2022-10-27","32,074.00","31,951.00","32,421.00","31,871.00","229.32K","0.63%"
"2022-10-26","31,872.00","31,826.00","32,211.00","31,744.00","189.24K","-0.02%"
"2022-10-25","31,877.00","31,509.00","31,917.00","31,346.00","184.77K","1.05%"
"2022-10-24","31,545.00","31,190.00","31,640.00","30,922.00","213.83K","1.36%"
"2022-10-21","31,123.00","30,409.00","31,197.00","30,102.00","252.17K","2.54%"
"2022-10-20","30,353.00","30,525.00","30,857.00","30,287.00","204.71K","-0.35%"
"2022-10-19","30,460.00","30,711.00","30,818.00","30,254.00","183.78K","-0.38%"
"2022-10-18","30,576.00","30,333.00","30,877.00","30,333.00","217.31K","1.14%"
"2022-10-17","30,230.00","29,658.00","30,361.00","29,640.00","160.67K","1.76%"
"2022-10-14","29,708.00","30,091.00","30,480.00","29,650.00","242.08K","-1.27%"
"2022-10-13","30,091.00","29,312.00","30,215.00","28,671.00","299.09K","2.84%"
"2022-10-12","29,261.00","29,316.00","29,526.00","29,177.00","169.92K","-0.02%"
"2022-10-11","29,266.00","29,262.00","29,659.00","28,946.00","203.44K","0.02%"
"2022-10-10","29,260.00","29,278.00","29,539.00","29,055.00","171.60K","-0.32%"
"2022-10-7","29,353.00","29,944.00","30,111.00","29,188.00","158.67K","-2.10%"
"2022-10-6","29,982.00","30,323.00","30,484.00","29,904.00","166.10K","-1.08%"
"2022-10-5","30,310.00","30,356.00","30,513.00","29,933.00","154.46K","-0.18%"
"2022-10-4","30,365.00","29,583.00","30,399.00","29,500.00","176.36K","2.80%"
"2022-10-3","29,538.00","28,767.00","29,702.00","28,635.00","194.80K","2.56%"
"2022-9-30","28,801.00","29,264.00","29,549.00","28,767.00","217.65K","-1.65%"
"2022-9-29","29,285.00","29,754.00","29,783.00","29,047.00","191.74K","-1.56%"
"2022-9-28","29,750.00","29,250.00","29,883.00","28,886.00","232.85K","1.87%"
"2022-9-27","29,203.00","29,339.00","29,729.00","29,019.00","200.40K","-0.48%"
"2022-9-26","29,343.00","29,645.00","29,736.00","29,227.00","210.69K","-1.10%"
"2022-9-23","29,669.00","30,216.00","30,240.00","29,315.00","217.03K","-1.59%"
"2022-9-22","30,149.00","30,228.00","30,494.00","30,048.00","206.73K","-0.44%"
"2022-9-21","30,282.00","30,836.00","31,132.00","30,202.00","246.93K","-1.69%"
"2022-9-20","30,801.00","31,145.00","31,256.00","30,558.00","180.45K","-1.02%"
"2022-9-19","31,117.00","30,948.00","31,183.00","30,590.00","155.41K","1.54%"
"2022-9-16","30,645.20","30,834.00","30,855.00","30,535.00","3.59K","-1.06%"
"2022-9-15","30,974.00","31,190.00","31,281.00","30,882.00","34.96K","-0.56%"
"2022-9-14","31,149.00","31,159.00","31,285.00","30,892.00","52.59K","0.15%"
"2022-9-13","31,103.00","32,434.00","32,667.00","31,020.00","85.20K","-3.96%"
"2022-9-12","32,386.00","32,210.00","32,505.00","32,137.00","73.22K","0.69%"
"2022-9-9","32,164.00","31,807.00","32,233.00","31,769.00","101.78K","1.25%"
"2022-9-8","31,766.00","31,574.00","31,809.00","31,303.00","172.33K","0.60%"
"2022-9-7","31,577.00","31,153.00","31,644.00","30,975.00","142.79K","1.32%"
"2022-9-6","31,166.00","31,345.00","31,592.00","31,042.00","238.78K","-0.88%"
"2022-9-5","31,444.00","31,385.00","31,484.00","31,318.00","33.15K","0.18%"
"2022-9-4","31,387.00","31,359.00","31,392.00","31,277.00","3.26K","0.24%"
"2022-9-2","31,312.00","31,646.00","32,029.00","31,182.00","205.42K","-1.11%"
"2022-9-1","31,663.00","31,555.00","31,678.00","31,221.00","209.86K","0.42%"
"2022-8-31","31,532.00","31,792.00","32,002.00","31,501.00","194.24K","-0.76%"
"2022-8-30","31,775.00","32,105.00","32,347.00","31,616.00","189.78K","-0.94%"
"2022-8-29","32,075.00","32,040.00","32,301.00","31,926.00","182.59K","-0.58%"
"2022-8-26","32,263.00","33,236.00","33,444.00","32,156.00","202.97K","-3.04%"
"2022-8-25","33,273.00","32,955.00","33,290.00","32,872.00","166.90K","0.96%"
"2022-8-24","32,958.00","32,901.00","33,084.00","32,753.00","146.03K","0.17%"
"2022-8-23","32,901.00","33,103.00","33,177.00","32,844.00","152.94K","-0.47%"
"2022-8-22","33,056.00","33,620.00","33,654.00","33,001.00","145.28K","-1.93%"
"2022-8-19","33,706.00","34,003.00","34,009.00","33,616.00","139.45K","-0.81%"
"2022-8-18","33,981.00","33,994.00","34,056.00","33,823.00","123.71K","0.05%"
"2022-8-17","33,963.00","34,127.00","34,177.00","33,804.00","163.82K","-0.45%"
"2022-8-16","34,118.00","33,849.00","34,246.00","33,786.00","138.29K","0.72%"
"2022-8-15","33,873.00","33,708.00","33,924.00","33,485.00","128.49K","0.46%"
"2022-8-12","33,718.00","33,360.00","33,728.00","33,295.00","136.09K","1.24%"
"2022-8-11","33,304.00","33,299.00","33,625.00","33,255.00","172.62K","0.13%"
"2022-8-10","33,260.00","32,768.00","33,331.00","32,678.00","176.37K","1.60%"
"2022-8-9","32,737.00","32,857.00","32,881.00","32,662.00","145.11K","-0.17%"
"2022-8-8","32,792.00","32,750.00","33,065.00","32,665.00","181.50K","0.11%"
"2022-8-5","32,757.00","32,688.00","32,786.00","32,431.00","175.48K","0.23%"
"2022-8-4","32,681.00","32,746.00","32,866.00","32,601.00","132.26K","-0.27%"
"2022-8-3","32,770.00","32,420.00","32,873.00","32,342.00","161.49K","1.25%"
"2022-8-2","32,365.00","32,766.00","32,781.00","32,350.00","228.06K","-1.23%"
"2022-8-1","32,767.00","32,827.00","32,938.00","32,602.00","191.68K","-0.18%"
"2022-7-29","32,825.00","32,567.00","32,887.00","32,458.00","162.74K","1.03%"
"2022-7-28","32,490.00","32,144.00","32,609.00","31,944.00","206.84K","0.99%"
"2022-7-27","32,172.00","31,762.00","32,315.00","31,761.00","210.16K","1.39%"
"2022-7-26","31,732.00","31,840.00","31,916.00","31,665.00","166.36K","-0.74%"
"2022-7-25","31,967.00","31,872.00","32,065.00","31,773.00","137.10K","0.29%"
"2022-7-22","31,875.00","31,982.00","32,193.00","31,704.00","155.95K","-0.41%"
"2022-7-21","32,007.00","31,791.00","32,032.00","31,504.00","158.14K","0.48%"
"2022-7-20","31,853.00","31,809.00","31,980.00","31,621.00","153.53K","0.20%"
"2022-7-19","31,791.00","31,064.00","31,844.00","31,031.00","143.74K","2.40%"
"2022-7-18","31,047.00","31,298.00","31,614.00","30,947.00","147.51K","-0.64%"
"2022-7-15","31,247.00","30,633.00","31,264.00","30,495.00","190.11K","2.10%"
"2022-7-14","30,604.00","30,700.00","30,774.00","30,109.00","172.97K","-0.50%"
"2022-7-13","30,758.00","30,968.00","31,309.00","30,475.00","198.52K","-0.67%"
"2022-7-12","30,966.00","31,177.00","31,328.00","30,828.00","148.98K","-0.56%"
"2022-7-11","31,140.00","31,323.00","31,344.00","31,040.00","130.93K","-0.54%"
"2022-7-8","31,310.00","31,309.00","31,490.00","31,187.00","146.49K","-0.18%"
"2022-7-7","31,367.00","31,054.00","31,404.00","30,898.00","123.74K","1.14%"
"2022-7-6","31,013.00","30,958.00","31,206.00","30,739.00","169.29K","0.25%"
"2022-7-5","30,936.00","31,051.00","31,220.00","30,331.00","213.59K","-0.76%"
"2022-7-4","31,174.00","30,924.00","31,210.00","30,808.00","33.67K","0.78%"
"2022-7-3","30,933.00","31,043.00","31,051.00","30,919.00","2.09K","-0.41%"
"2022-7-1","31,061.00","30,720.00","31,116.00","30,422.00","180.47K","0.91%"
"2022-6-30","30,781.00","31,021.00","31,034.00","30,406.00","186.27K","-0.70%"
"2022-6-29","30,999.00","30,966.00","31,142.00","30,861.00","147.97K","0.21%"
"2022-6-28","30,933.00","31,464.00","31,867.00","30,905.00","164.02K","-1.55%"
"2022-6-27","31,421.00","31,466.00","31,695.00","31,331.00","125.46K","-0.21%"
"2022-6-24","31,487.00","30,568.00","31,508.00","30,538.00","139.78K","2.66%"
"2022-6-23","30,672.00","30,478.00","30,698.00","30,247.00","208.47K","0.66%"
"2022-6-22","30,471.00","30,524.00","30,770.00","30,003.00","210.52K","-0.18%"
"2022-6-21","30,525.00","29,930.00","30,646.00","29,741.00","202.38K","1.23%"
"2022-6-20","30,154.00","30,038.00","30,216.00","29,744.00","59.19K","0.38%"
"2022-6-19","30,039.00","29,928.00","30,050.00","29,919.00","3.53K","0.78%"
"2022-6-17","29,806.19","30,021.00","30,214.00","29,800.00","8.05K","-0.41%"
"2022-6-16","29,928.00","30,727.00","30,943.00","29,741.00","38.76K","-2.39%"
"2022-6-15","30,661.00","30,383.00","31,008.00","30,172.00","48.55K","0.94%"
"2022-6-14","30,375.00","30,531.00","30,874.00","30,137.00","69.32K","-0.50%"
"2022-6-13","30,527.00","31,254.00","31,293.00","30,355.00","112.01K","-2.74%"
"2022-6-10","31,388.00","32,319.00","32,346.00","31,368.00","149.28K","-2.71%"
"2022-6-9","32,263.00","32,909.00","33,110.00","32,252.00","179.16K","-1.90%"
"2022-6-8","32,889.00","33,107.00","33,169.00","32,806.00","146.01K","-0.83%"
"2022-6-7","33,165.00","32,903.00","33,198.00","32,603.00","155.26K","0.77%"
"2022-6-6","32,912.00","32,967.00","33,229.00","32,805.00","140.65K","0.07%"
"2022-6-3","32,888.00","33,250.00","33,317.00","32,824.00","161.88K","-1.01%"
"2022-6-2","33,223.00","32,763.00","33,263.00","32,491.00","162.37K","1.30%"
"2022-6-1","32,798.00","33,067.00","33,254.00","32,563.00","176.39K","-0.52%"
"2022-5-31","32,971.00","33,201.00","33,434.00","32,722.00","219.70K","-0.82%"
"2022-5-30","33,245.00","33,213.00","33,434.00","33,155.00","34.10K","0.10%"
"2022-5-29","33,212.00","33,209.00","33,253.00","33,168.00","2.32K","0.16%"
"2022-5-27","33,158.00","32,531.00","33,239.00","32,485.00","139.30K","1.71%"
"2022-5-26","32,600.00","32,074.00","32,738.00","31,996.00","153.65K","1.63%"
"2022-5-25","32,076.00","31,943.00","32,215.00","31,683.00","180.97K","0.61%"
"2022-5-24","31,880.00","31,782.00","31,972.00","31,315.00","204.98K","0.13%"
"2022-5-23","31,839.00","31,288.00","31,925.00","31,286.00","181.35K","2.01%"
"2022-5-20","31,213.00","31,209.00","31,548.00","30,585.00","217.51K","0.04%"
"2022-5-19","31,202.00","31,397.00","31,524.00","30,955.00","222.59K","-0.76%"
"2022-5-18","31,440.00","32,629.00","32,651.00","31,299.00","168.60K","-3.50%"
"2022-5-17","32,581.00","32,139.00","32,692.00","32,129.00","166.27K","1.31%"
"2022-5-16","32,159.00","32,148.00","32,453.00","31,867.00","167.02K","0.22%"
"2022-5-14","32,087.00","32,087.00","32,087.00","32,087.00","","-0.10%"
"2022-5-13","32,120.00","31,556.00","32,201.00","31,556.00","171.08K","1.48%"
"2022-5-12","31,652.00","31,803.00","31,893.00","31,148.00","256.20K","-0.29%"
"2022-5-11","31,743.00","32,048.00","32,506.00","31,715.00","264.40K","-1.07%"
"2022-5-10","32,087.00","32,206.00","32,663.00","31,805.00","239.43K","-0.23%"
"2022-5-9","32,161.00","32,624.00","32,690.00","32,037.00","242.48K","-1.77%"
"2022-5-7","32,742.00","32,742.00","32,742.00","32,742.00","","-0.20%"
"2022-5-6","32,809.00","32,933.00","32,966.00","32,376.00","241.72K","-0.31%"
"2022-5-5","32,910.00","33,926.00","34,020.00","32,589.00","252.37K","-3.12%"
"2022-5-4","33,969.00","33,041.00","34,027.00","32,925.00","188.06K","2.83%"
"2022-5-3","33,033.00","32,960.00","33,254.00","32,806.00","162.76K","0.16%"
"2022-5-2","32,980.00","32,988.00","33,145.00","32,358.00","222.20K","0.30%"
"2022-4-29","32,882.00","33,735.00","33,903.00","32,820.00","202.18K","-2.80%"
"2022-4-28","33,828.00","33,308.00","33,968.00","33,155.00","211.62K","1.81%"
"2022-4-27","33,226.00","33,163.00","33,611.00","33,015.00","239.70K","0.20%"
"2022-4-26","33,160.00","33,965.00","34,038.00","33,081.00","222.15K","-2.37%"
"2022-4-25","33,965.00","33,644.00","34,021.00","33,230.00","265.19K","0.70%"
"2022-4-22","33,728.00","34,696.00","34,719.00","33,594.00","234.37K","-2.83%"
"2022-4-21","34,709.00","35,125.00","35,413.00","34,635.00","195.64K","-1.05%"
"2022-4-20","35,079.00","34,785.00","35,233.00","34,728.00","207.81K","0.68%"
"2022-4-19","34,841.00","34,397.00","34,897.00","34,226.00","172.17K","1.54%"
"2022-4-18","34,313.00","34,369.00","34,530.00","34,179.00","138.27K","-0.13%"
"2022-4-14","34,358.00","34,463.00","34,794.00","34,340.00","168.12K","-0.36%"
"2022-4-13","34,482.00","34,178.00","34,511.00","34,052.00","161.48K","1.00%"
"2022-4-12","34,139.00","34,232.00","34,582.00","34,002.00","193.14K","-0.23%"
"2022-4-11","34,219.00","34,636.00","34,668.00","34,181.00","159.04K","-1.14%"
"2022-4-8","34,613.00","34,481.00","34,820.00","34,368.00","156.89K","0.36%"
"2022-4-7","34,490.00","34,370.00","34,613.00","34,093.00","168.41K","0.26%"
"2022-4-6","34,399.00","34,595.00","34,608.00","34,178.00","185.47K","-0.44%"
"2022-4-5","34,550.00","34,802.00","35,015.00","34,469.00","152.77K","-0.80%"
"2022-4-4","34,829.00","34,688.00","34,849.00","34,514.00","117.20K","0.41%"
"2022-4-2","34,688.00","34,688.00","34,688.00","34,688.00","","-0.09%"
"2022-4-1","34,718.00","34,702.00","34,805.00","34,437.00","152.09K","0.29%"
"2022-3-31","34,618.00","35,124.00","35,215.00","34,592.00","137.84K","-1.42%"
"2022-3-30","35,117.00","35,154.00","35,257.00","34,955.00","121.05K","-0.21%"
"2022-3-29","35,190.00","34,848.00","35,281.00","34,826.00","147.28K","0.97%"
"2022-3-28","34,853.00","34,762.00","34,886.00","34,445.00","129.89K","0.27%"
"2022-3-25","34,759.00","34,640.00","34,841.00","34,522.00","123.52K","0.45%"
"2022-3-24","34,604.00","34,252.00","34,655.00","34,214.00","123.38K","1.03%"
"2022-3-23","34,250.00","34,691.00","34,792.00","34,217.00","128.19K","-1.32%"
"2022-3-22","34,709.00","34,490.00","34,775.00","34,318.00","111.07K","0.79%"
"2022-3-21","34,436.00","34,670.00","34,694.00","34,228.00","153.66K","-0.47%"
"2022-3-20","34,600.00","34,704.00","34,704.00","34,593.00","2.33K","0.54%"
"2022-3-18","34,413.66","34,335.00","34,484.00","34,215.00","1.86K","-0.14%"
"2022-3-17","34,461.00","34,124.00","34,491.00","33,867.00","24.15K","1.18%"
"2022-3-16","34,059.00","33,510.00","34,160.00","33,388.00","42.65K","1.57%"
"2022-3-15","33,532.00","32,979.00","33,618.00","32,680.00","94.05K","1.78%"
"2022-3-14","32,944.00","33,012.00","33,395.00","32,815.00","111.93K","0.06%"
"2022-3-11","32,925.00","33,190.00","33,691.00","32,901.00","150.21K","-0.68%"
"2022-3-10","33,152.00","33,254.00","33,294.00","32,799.00","184.10K","-0.34%"
"2022-3-9","33,265.00","32,538.00","33,441.00","32,521.00","202.05K","2.03%"
"2022-3-8","32,602.00","32,716.00","33,374.00","32,305.00","286.68K","-0.55%"
"2022-3-7","32,782.00","33,451.00","33,542.00","32,689.00","253.27K","-2.39%"
"2022-3-4","33,583.00","33,772.00","33,859.00","33,210.00","260.95K","-0.46%"
"2022-3-3","33,738.00","33,805.00","34,143.00","33,597.00","195.52K","-0.33%"
"2022-3-2","33,849.00","33,318.00","33,977.00","33,121.00","239.41K","1.75%"
"2022-3-1","33,267.00","33,822.00","34,065.00","33,064.00","275.41K","-1.69%"
"2022-2-28","33,840.00","33,678.00","33,914.00","33,322.00","303.76K","-0.45%"
"2022-2-25","33,994.00","33,036.00","34,034.00","32,762.00","286.52K","2.53%"
"2022-2-24","33,156.00","33,052.00","33,205.00","32,167.00","438.50K","0.27%"
"2022-2-23","33,066.00","33,585.00","33,824.00","33,015.00","238.84K","-1.37%"
"2022-2-22","33,525.00","33,869.00","34,349.00","33,292.00","450.33K","-0.10%"
"2022-2-21","33,557.00","33,928.00","34,348.00","33,407.00","131.14K","-1.09%"
"2022-2-20","33,928.00","33,884.00","33,954.00","33,884.00","5.76K","-0.23%"
"2022-2-18","34,007.00","34,237.00","34,500.00","33,900.00","232.78K","-0.65%"
"2022-2-17","34,231.00","34,842.00","34,910.00","34,171.00","209.14K","-1.78%"
"2022-2-16","34,851.00","34,886.00","35,060.00","34,558.00","196.64K","-0.15%"
"2022-2-15","34,904.00","34,472.00","34,968.00","34,345.00","193.89K","1.26%"
"2022-2-14","34,471.00","34,665.00","34,755.00","34,205.00","274.11K","-0.45%"
"2022-2-11","34,627.00","35,128.00","35,330.00","34,511.00","319.73K","-1.46%"
"2022-2-10","35,139.00","35,717.00","35,750.00","34,990.00","282.69K","-1.41%"
"2022-2-9","35,641.00","35,382.00","35,752.00","35,370.00","166.01K","0.85%"
"2022-2-8","35,342.00","35,001.00","35,426.00","34,931.00","182.37K","1.07%"
"2022-2-7","34,969.00","35,002.00","35,205.00","34,806.00","174.18K","-0.03%"
"2022-2-4","34,978.00","35,113.00","35,212.00","34,668.00","266.48K","0.02%"
"2022-2-3","34,971.00","35,545.00","35,569.00","34,941.00","234.69K","-1.47%"
"2022-2-2","35,492.00","35,232.00","35,590.00","35,167.00","222.53K","0.62%"
"2022-2-1","35,274.00","34,915.00","35,316.00","34,833.00","209.61K","0.79%"
"2022-1-31","34,997.00","34,576.00","35,026.00","34,313.00","234.76K","1.16%"
"2022-1-28","34,595.00","34,240.00","34,622.00","33,613.00","315.13K","1.62%"
"2022-1-27","34,043.00","34,071.00","34,658.00","33,532.00","329.89K","-0.04%"
"2022-1-26","34,055.00","33,969.00","34,699.00","33,745.00","319.04K","-0.38%"
"2022-1-25","34,185.00","34,294.00","34,472.00","33,422.00","340.84K","-0.20%"
"2022-1-24","34,253.00","34,143.00","34,410.00","33,031.00","465.70K","0.28%"
"2022-1-21","34,157.00","34,556.00","34,782.00","34,100.00","335.70K","-1.33%"
"2022-1-20","34,616.00","34,953.00","35,379.00","34,407.00","272.49K","-0.84%"
"2022-1-19","34,910.00","35,301.00","35,430.00","34,883.00","296.13K","-0.99%"
"2022-1-18","35,259.00","35,856.00","35,901.00","35,135.00","322.17K","-1.58%"
"2022-1-17","35,824.00","35,844.00","35,864.00","35,774.00","42.89K","0.04%"
"2022-1-16","35,809.00","35,888.00","35,901.00","35,799.00","4.05K","0.04%"
"2022-1-14","35,796.00","36,002.00","36,114.00","35,515.00","256.88K","-0.54%"
"2022-1-13","35,989.00","36,179.00","36,390.00","35,921.00","217.10K","-0.47%"
"2022-1-12","36,160.00","36,131.00","36,332.00","36,040.00","175.02K","0.09%"
"2022-1-11","36,128.00","35,948.00","36,153.00","35,641.00","220.38K","0.49%"
"2022-1-10","35,952.00","36,121.00","36,171.00","35,521.00","268.67K","-0.43%"
"2022-1-7","36,107.00","36,173.00","36,265.00","35,988.00","218.01K","-0.04%"
"2022-1-6","36,123.00","36,309.00","36,418.00","36,074.00","266.02K","-0.46%"
"2022-1-5","36,291.00","36,656.00","36,832.00","36,279.00","243.99K","-1.05%"
"2022-1-4","36,675.00","36,432.00","36,804.00","36,409.00","175.66K","0.60%"
"2022-1-3","36,455.00","36,304.00","36,472.00","36,120.00","158.89K","0.63%"
"2021-12-31","36,226.00","36,296.00","36,371.00","36,121.00","76.94K","-0.18%"
"2021-12-30","36,291.00","36,394.00","36,572.00","36,255.00","85.64K","-0.25%"
"2021-12-29","36,381.00","36,278.00","36,463.00","36,250.00","94.68K","0.27%"
"2021-12-28","36,282.00","36,180.00","36,408.00","36,113.00","115.49K","0.29%"
"2021-12-27","36,178.00","35,831.00","36,206.00","35,759.00","91.65K","0.97%"
"2021-12-23","35,832.00","35,647.00","35,946.00","35,625.00","91.40K","0.56%"
"2021-12-22","35,632.00","35,405.00","35,662.00","35,286.00","110.14K","0.71%"
"2021-12-21","35,381.00","34,907.00","35,413.00","34,858.00","168.39K","1.63%"
"2021-12-20","34,813.00","35,253.00","35,328.00","34,547.00","220.12K","-2.42%"
"2021-12-17","35,675.79","35,958.00","35,978.00","35,650.00","2.11K","-0.63%"
"2021-12-16","35,902.00","35,936.00","36,204.00","35,778.00","36.90K","-0.07%"
"2021-12-15","35,926.00","35,551.00","35,969.00","35,389.00","50.02K","1.05%"
"2021-12-14","35,552.00","35,680.00","35,785.00","35,437.00","63.72K","-0.26%"
"2021-12-13","35,645.00","35,975.00","36,123.00","35,602.00","107.18K","-0.90%"
"2021-12-10","35,967.00","35,749.00","35,992.00","35,705.00","129.47K","0.60%"
"2021-12-9","35,753.00","35,745.00","35,859.00","35,567.00","137.73K","0.02%"
"2021-12-8","35,746.00","35,780.00","35,926.00","35,588.00","154.87K","0.09%"
"2021-12-7","35,713.00","35,251.00","35,807.00","35,196.00","173.91K","1.42%"
"2021-12-6","35,212.00","34,590.00","35,344.00","34,581.00","229.69K","1.89%"
"2021-12-4","34,559.00","34,559.00","34,559.00","34,559.00","","-0.02%"
"2021-12-3","34,566.00","34,715.00","34,795.00","34,247.00","269.20K","-0.16%"
"2021-12-2","34,622.00","34,050.00","34,738.00","34,018.00","288.47K","1.82%"
"2021-12-1","34,002.00","34,524.00","34,986.00","33,928.00","281.34K","-1.32%"
"2021-11-30","34,457.00","35,132.00","35,234.00","34,384.00","294.07K","-1.77%"
"2021-11-29","35,077.00","34,741.00","35,246.00","34,740.00","251.02K","0.63%"
"2021-11-26","34,858.00","35,778.00","35,900.00","34,626.00","307.94K","-2.14%"
"2021-11-25","35,621.00","35,725.00","35,730.00","35,610.00","33.55K","-0.36%"
"2021-11-24","35,749.00","35,762.00","35,790.00","35,532.00","149.80K","-0.05%"
"2021-11-23","35,766.00","35,620.00","35,793.00","35,370.00","220.53K","0.55%"
"2021-11-22","35,571.00","35,592.00","35,880.00","35,530.00","198.41K","0.06%"
"2021-11-19","35,549.00","35,826.00","35,988.00","35,486.00","172.85K","-0.73%"
"2021-11-18","35,811.00","35,841.00","35,961.00","35,593.00","151.56K","-0.16%"
"2021-11-17","35,867.00","36,074.00","36,105.00","35,822.00","133.06K","-0.54%"
"2021-11-16","36,061.00","36,023.00","36,238.00","35,946.00","139.66K","0.14%"
"2021-11-15","36,009.00","36,059.00","36,178.00","35,950.00","124.98K","-0.01%"
"2021-11-12","36,013.00","35,870.00","36,062.00","35,839.00","126.14K","0.51%"
"2021-11-11","35,829.00","35,982.00","36,063.00","35,823.00","119.95K","-0.45%"
"2021-11-10","35,992.00","36,166.00","36,255.00","35,911.00","173.33K","-0.60%"
"2021-11-9","36,209.00","36,289.00","36,324.00","36,066.00","144.95K","-0.28%"
"2021-11-8","36,312.00","36,132.00","36,446.00","36,123.00","116.19K","0.27%"
"2021-11-5","36,215.00","35,999.00","36,375.00","35,949.00","172.25K","0.57%"
"2021-11-4","36,009.00","36,027.00","36,076.00","35,865.00","133.20K","-0.07%"
"2021-11-3","36,035.00","35,921.00","36,066.00","35,771.00","134.65K","0.27%"
"2021-11-2","35,938.00","35,797.00","35,971.00","35,695.00","120.74K","0.39%"
"2021-11-1","35,800.00","35,796.00","35,891.00","35,683.00","136.29K","0.27%"
"2021-10-29","35,704.00","35,636.00","35,746.00","35,486.00","156.11K","0.26%"
"2021-10-28","35,613.00","35,423.00","35,681.00","35,388.00","156.53K","0.63%"
"2021-10-27","35,389.00","35,646.00","35,715.00","35,383.00","185.25K","-0.72%"
"2021-10-26","35,644.00","35,641.00","35,777.00","35,618.00","177.88K","0.07%"
"2021-10-25","35,620.00","35,499.00","35,670.00","35,451.00","138.32K","0.18%"
"2021-10-22","35,557.00","35,476.00","35,645.00","35,412.00","175.48K","0.22%"
"2021-10-21","35,480.00","35,448.00","35,536.00","35,308.00","131.28K","0.01%"
"2021-10-20","35,477.00","35,355.00","35,541.00","35,272.00","122.20K","0.44%"
"2021-10-19","35,323.00","35,121.00","35,365.00","35,067.00","128.84K","0.54%"
"2021-10-18","35,133.00","35,210.00","35,227.00","34,906.00","137.83K","-0.11%"
"2021-10-15","35,171.00","34,830.00","35,198.00","34,787.00","155.29K","1.11%"
"2021-10-14","34,784.00","34,248.00","34,853.00","34,248.00","165.30K","1.54%"
"2021-10-13","34,257.00","34,190.00","34,343.00","33,984.00","200.89K","-0.01%"
"2021-10-12","34,260.00","34,356.00","34,486.00","34,125.00","197.79K","-0.34%"
"2021-10-11","34,376.00","34,614.00","34,829.00","34,323.00","179.54K","-0.72%"
"2021-10-8","34,626.00","34,641.00","34,750.00","34,532.00","160.33K","-0.03%"
"2021-10-7","34,638.00","34,300.00","34,854.00","34,300.00","163.05K","1.01%"
"2021-10-6","34,291.00","34,208.00","34,326.00","33,718.00","260.69K","0.32%"
"2021-10-5","34,183.00","33,890.00","34,364.00","33,684.00","194.34K","0.92%"
"2021-10-4","33,870.00","34,230.00","34,293.00","33,681.00","240.26K","-0.87%"
"2021-10-1","34,167.00","33,752.00","34,354.00","33,383.00","221.72K","1.32%"
"2021-9-30","33,722.00","34,322.00","34,554.00","33,688.00","236.69K","-1.58%"
"2021-9-29","34,265.00","34,239.00","34,451.00","34,168.00","212.63K","0.26%"
"2021-9-28","34,175.00","34,733.00","34,852.00","34,121.00","277.93K","-1.63%"
"2021-9-27","34,743.00","34,696.00","34,934.00","34,652.00","147.06K","0.20%"
"2021-9-24","34,674.00","34,650.00","34,734.00","34,459.00","151.19K","0.09%"
"2021-9-23","34,644.00","34,153.00","34,749.00","34,148.00","189.41K","1.51%"
"2021-9-22","34,129.00","33,761.00","34,319.00","33,638.00","217.01K","0.98%"
"2021-9-21","33,798.00","33,806.00","34,236.00","33,712.00","237.06K","-0.12%"
"2021-9-20","33,839.00","34,400.00","34,413.00","33,478.00","310.80K","-2.54%"
"2021-9-18","34,721.00","34,370.00","34,721.00","34,370.00","184.48K","0.07%"
"2021-9-17","34,696.80","34,743.00","34,838.00","34,665.00","2.52K","-0.15%"
"2021-9-16","34,749.00","34,850.00","34,942.00","34,537.00","32.17K","-0.20%"
"2021-9-15","34,819.00","34,596.00","34,885.00","34,499.00","45.03K","0.68%"
"2021-9-14","34,583.00","34,916.00","35,021.00","34,507.00","83.07K","-0.82%"
"2021-9-13","34,870.00","34,647.00","34,935.00","34,601.00","110.53K","0.65%"
"2021-9-11","34,645.00","34,645.00","34,645.00","34,645.00","","0.11%"
"2021-9-10","34,607.00","34,872.00","35,113.00","34,598.00","135.32K","-0.75%"
"2021-9-9","34,870.00","35,009.00","35,192.00","34,776.00","181.91K","-0.41%"
"2021-9-8","35,012.00","35,067.00","35,161.00","34,885.00","189.64K","-0.23%"
"2021-9-7","35,091.00","35,352.00","35,476.00","35,038.00","198.67K","-0.85%"
"2021-9-6","35,391.00","35,301.00","35,474.00","35,263.00","29.46K","0.26%"
"2021-9-5","35,298.00","35,341.00","35,353.00","35,295.00","1.84K","-0.12%"
"2021-9-4","35,341.00","35,341.00","35,341.00","35,341.00","","-0.03%"
"2021-9-3","35,353.00","35,425.00","35,504.00","35,248.00","144.76K","-0.20%"
"2021-9-2","35,424.00","35,295.00","35,463.00","35,219.00","128.78K","0.38%"
"2021-9-1","35,290.00","35,382.00","35,494.00","35,269.00","138.54K","-0.14%"
"2021-8-31","35,340.00","35,395.00","35,492.00","35,258.00","141.52K","-0.03%"
"2021-8-30","35,352.00","35,418.00","35,464.00","35,329.00","109.48K","-0.16%"
"2021-8-28","35,410.00","35,410.00","35,410.00","35,410.00","","0.02%"
"2021-8-27","35,403.00","35,182.00","35,428.00","35,114.00","113.73K","0.69%"
"2021-8-26","35,160.00","35,384.00","35,441.00","35,146.00","144.17K","-0.57%"
"2021-8-25","35,360.00","35,326.00","35,445.00","35,229.00","109.22K","0.13%"
"2021-8-24","35,314.00","35,328.00","35,403.00","35,293.00","94.29K","0.09%"
"2021-8-23","35,281.00","35,031.00","35,373.00","35,016.00","120.43K","0.62%"
"2021-8-21","35,065.00","35,065.00","35,065.00","35,065.00","","0.02%"
"2021-8-20","35,058.00","34,847.00","35,120.00","34,569.00","161.42K","0.69%"
"2021-8-19","34,818.00","34,860.00","34,934.00","34,494.00","258.17K","-0.20%"
"2021-8-18","34,887.00","35,212.00","35,286.00","34,790.00","166.03K","-1.06%"
"2021-8-17","35,259.00","35,508.00","35,516.00","35,034.00","200.92K","-0.77%"
"2021-8-16","35,534.00","35,383.00","35,547.00","35,146.00","151.69K","0.38%"
"2021-8-14","35,400.00","35,400.00","35,400.00","35,400.00","","-0.06%"
"2021-8-13","35,420.00","35,429.00","35,519.00","35,381.00","90.59K","0.05%"
"2021-8-12","35,402.00","35,381.00","35,438.00","35,255.00","109.90K","0.08%"
"2021-8-11","35,372.00","35,164.00","35,394.00","35,106.00","118.03K","0.62%"
"2021-8-10","35,155.00","35,016.00","35,176.00","34,924.00","109.82K","0.45%"
"2021-8-9","34,998.00","35,100.00","35,105.00","34,940.00","101.44K","-0.27%"
"2021-8-6","35,091.00","34,922.00","35,137.00","34,883.00","111.98K","0.42%"
"2021-8-5","34,943.00","34,716.00","34,949.00","34,667.00","104.94K","0.73%"
"2021-8-4","34,690.00","34,960.00","35,000.00","34,674.00","145.61K","-0.88%"
"2021-8-3","34,998.00","34,765.00","35,009.00","34,602.00","161.42K","0.80%"
"2021-8-2","34,721.00","34,872.00","35,082.00","34,694.00","145.77K","-0.42%"
"2021-7-31","34,867.00","34,867.00","34,867.00","34,867.00","","0.10%"
"2021-7-30","34,832.00","34,978.00","34,997.00","34,756.00","151.87K","-0.41%"
"2021-7-29","34,974.00","34,867.00","35,061.00","34,774.00","113.21K","0.40%"
"2021-7-28","34,834.00","34,844.00","35,018.00","34,764.00","146.91K","-0.34%"
"2021-7-27","34,953.00","35,039.00","35,040.00","34,762.00","167.09K","-0.23%"
"2021-7-26","35,034.00","34,944.00","35,072.00","34,652.00","125.68K","0.24%"
"2021-7-23","34,951.00","34,768.00","34,993.00","34,739.00","133.04K","0.70%"
"2021-7-22","34,709.00","34,733.00","34,789.00","34,557.00","117.28K","0.06%"
"2021-7-21","34,689.00","34,427.00","34,739.00","34,361.00","136.89K","0.84%"
"2021-7-20","34,400.00","33,918.00","34,502.00","33,843.00","222.42K","1.66%"
"2021-7-19","33,839.00","34,555.00","34,579.00","33,623.00","293.53K","-2.10%"
"2021-7-16","34,564.00","34,838.00","34,975.00","34,524.00","162.51K","-0.86%"
"2021-7-15","34,864.00","34,798.00","34,878.00","34,593.00","165.52K","0.14%"
"2021-7-14","34,816.00","34,779.00","34,946.00","34,667.00","127.62K","0.12%"
"2021-7-13","34,776.00","34,890.00","34,915.00","34,747.00","129.21K","-0.28%"
"2021-7-12","34,875.00","34,765.00","34,904.00","34,548.00","135.59K","0.36%"
"2021-7-9","34,751.00","34,290.00","34,784.00","34,140.00","156.20K","1.33%"
"2021-7-8","34,294.00","34,583.00","34,592.00","34,004.00","225.08K","-0.79%"
"2021-7-7","34,568.00","34,394.00","34,595.00","34,321.00","136.38K","0.31%"
"2021-7-6","34,460.00","34,676.00","34,755.00","34,241.00","183.14K","-0.76%"
"2021-7-5","34,725.50","34,643.00","34,746.50","34,588.00","","0.24%"
"2021-7-4","34,642.00","34,660.00","34,672.50","34,635.50","","-0.10%"
"2021-7-2","34,677.00","34,510.00","34,714.00","34,491.00","102.66K","0.47%"
"2021-7-1","34,514.00","34,448.00","34,551.00","34,377.00","110.33K","0.33%"
"2021-6-30","34,399.00","34,185.00","34,450.00","34,006.00","132.39K","0.67%"
"2021-6-29","34,170.00","34,188.00","34,363.00","34,112.00","101.89K","0.02%"
"2021-6-28","34,164.00","34,398.00","34,411.00","34,067.00","120.05K","-0.49%"
"2021-6-25","34,333.00","34,193.00","34,386.00","34,133.00","108.98K","0.74%"
"2021-6-24","34,082.00","33,792.00","34,177.00","33,773.00","122.51K","0.96%"
"2021-6-23","33,759.00","33,864.00","33,962.00","33,752.00","111.67K","-0.22%"
"2021-6-22","33,835.00","33,812.00","33,926.00","33,627.00","132.46K","0.22%"
"2021-6-21","33,761.00","33,072.00","33,808.00","32,902.00","203.03K","1.01%"
"2021-6-18","33,424.07","33,840.00","33,864.00","33,438.00","1.57K","-1.13%"
"2021-6-17","33,805.00","33,950.00","34,081.00","33,611.00","27.52K","-0.62%"
"2021-6-16","34,017.00","34,295.00","34,319.00","33,895.00","39.92K","-0.79%"
"2021-6-15","34,288.00","34,367.00","34,475.00","34,192.00","58.36K","-0.27%"
"2021-6-14","34,381.00","34,451.00","34,558.00","34,203.00","75.56K","-0.24%"
"2021-6-11","34,462.00","34,459.00","34,614.00","34,313.00","103.65K","0.00%"
"2021-6-10","34,461.00","34,473.00","34,733.00","34,389.00","151.86K","0.07%"
"2021-6-9","34,437.00","34,586.00","34,647.00","34,425.00","117.43K","-0.43%"
"2021-6-8","34,586.00","34,623.00","34,651.00","34,429.00","134.83K","-0.09%"
"2021-6-7","34,616.00","34,760.00","34,825.00","34,558.00","117.60K","-0.36%"
"2021-6-4","34,742.00","34,575.00","34,755.00","34,472.00","116.01K","0.51%"
"2021-6-3","34,567.00","34,595.00","34,655.00","34,310.00","152.93K","-0.07%"
"2021-6-2","34,590.00","34,561.00","34,694.00","34,484.00","109.76K","0.12%"
"2021-6-1","34,550.00","34,570.00","34,827.00","34,408.00","154.69K","0.13%"
"2021-5-31","34,505.00","34,549.00","34,574.00","34,409.00","","-0.13%"
"2021-5-30","34,549.00","34,537.00","34,566.50","34,528.50","","0.10%"
"2021-5-28","34,513.00","34,556.00","34,639.00","34,495.00","111.04K","0.22%"
"2021-5-27","34,437.00","34,295.00","34,577.00","34,170.00","142.12K","0.46%"
"2021-5-26","34,280.00","34,289.00","34,417.00","34,227.00","105.51K","0.03%"
"2021-5-25","34,271.00","34,397.00","34,483.00","34,224.00","115.17K","-0.24%"
"2021-5-24","34,352.00","34,150.00","34,427.00","34,101.00","102.70K","0.58%"
"2021-5-21","34,153.00","34,028.00","34,372.00","34,017.00","139.43K","0.37%"
"2021-5-20","34,028.00","33,781.00","34,187.00","33,585.00","160.63K","0.58%"
"2021-5-19","33,831.00","33,899.00","33,998.00","33,402.00","244.20K","-0.49%"
"2021-5-18","33,996.00","34,295.00","34,423.00","33,907.00","130.45K","-0.76%"
"2021-5-17","34,256.00","34,320.00","34,374.00","34,093.00","151.44K","-0.18%"
"2021-5-14","34,318.00","33,968.00","34,382.00","33,922.00","164.60K","1.12%"
"2021-5-13","33,938.00","33,475.00","34,093.00","33,200.00","262.42K","1.28%"
"2021-5-12","33,508.00","34,143.00","34,227.00","33,461.00","270.38K","-1.97%"
"2021-5-11","34,183.00","34,647.00","34,732.00","33,983.00","312.30K","-1.40%"
"2021-5-10","34,668.00","34,722.00","35,000.00","34,611.00","188.76K","-0.05%"
"2021-5-7","34,686.00","34,449.00","34,728.00","34,366.00","167.98K","0.71%"
"2021-5-6","34,442.00","34,125.00","34,458.00","34,074.00","171.77K","0.95%"
"2021-5-5","34,118.00","34,016.00","34,219.00","33,926.00","155.84K","0.29%"
"2021-5-4","34,020.00","33,991.00","34,047.00","33,654.00","209.87K","0.04%"
"2021-5-3","34,008.00","33,828.00","34,116.00","33,823.00","126.29K","0.71%"
"2021-4-30","33,767.00","33,915.00","33,941.00","33,678.00","149.37K","-0.54%"
"2021-4-29","33,951.00","33,716.00","33,979.00","33,628.00","156.89K","0.67%"
"2021-4-28","33,724.00","33,815.00","33,868.00","33,690.00","111.00K","-0.47%"
"2021-4-27","33,883.00","33,889.00","33,973.00","33,764.00","105.77K","0.02%"
"2021-4-26","33,877.00","33,954.00","34,045.00","33,832.00","99.77K","-0.19%"
"2021-4-23","33,941.00","33,715.00","34,056.00","33,608.00","138.00K","0.69%"
"2021-4-22","33,709.00","33,986.00","34,039.00","33,605.00","181.67K","-0.90%"
"2021-4-21","34,016.00","33,692.00","34,040.00","33,625.00","145.32K","0.93%"
"2021-4-20","33,703.00","33,996.00","34,066.00","33,572.00","168.39K","-0.75%"
"2021-4-19","33,958.00","34,015.00","34,048.00","33,860.00","151.91K","-0.36%"
"2021-4-16","34,081.00","33,940.00","34,144.00","33,880.00","123.26K","0.47%"
"2021-4-15","33,923.00","33,661.00","33,962.00","33,652.00","140.82K","0.89%"
"2021-4-14","33,624.00","33,575.00","33,800.00","33,519.00","169.92K","0.16%"
"2021-4-13","33,570.00","33,647.00","33,712.00","33,431.00","159.14K","-0.18%"
"2021-4-12","33,631.00","33,660.00","33,686.00","33,550.00","127.10K","-0.15%"
"2021-4-9","33,682.00","33,451.00","33,694.00","33,371.00","131.74K","0.87%"
"2021-4-8","33,390.00","33,344.00","33,464.00","33,227.00","122.89K","0.19%"
"2021-4-7","33,328.00","33,333.00","33,407.00","33,233.00","129.14K","0.04%"
"2021-4-6","33,315.00","33,417.00","33,454.00","33,266.00","136.53K","-0.30%"
"2021-4-5","33,415.00","33,236.00","33,504.00","33,157.00","120.60K","1.14%"
"2021-4-2","33,037.00","33,045.00","33,264.00","33,017.00","15.73K","0.00%"
"2021-4-1","33,037.00","32,912.00","33,060.00","32,842.00","139.33K","0.42%"
"2021-3-31","32,898.00","32,938.00","33,045.00","32,866.00","140.70K","-0.08%"
"2021-3-30","32,925.00","33,063.00","33,129.00","32,859.00","166.34K","-0.32%"
"2021-3-29","33,032.00","32,951.00","33,134.00","32,746.00","195.24K","0.24%"
"2021-3-26","32,954.00","32,554.00","32,984.00","32,496.00","188.39K","1.39%"
"2021-3-25","32,501.00","32,338.00","32,569.00","31,951.00","254.56K","0.56%"
"2021-3-24","32,319.00","32,348.00","32,669.00","32,232.00","206.19K","0.04%"
"2021-3-23","32,306.00","32,644.00","32,689.00","32,235.00","180.14K","-0.96%"
"2021-3-22","32,619.00","32,467.00","32,688.00","32,314.00","151.38K","-0.58%"
"2021-3-19","32,807.86","32,899.00","32,994.00","32,841.00","2.77K","-0.22%"
"2021-3-18","32,880.00","33,024.00","33,233.00","32,842.00","35.81K","-0.41%"
"2021-3-17","33,017.00","32,862.00","33,053.00","32,780.00","38.63K","0.55%"
"2021-3-16","32,835.00","32,941.00","32,972.00","32,773.00","53.89K","-0.37%"
"2021-3-15","32,957.00","32,834.00","32,967.00","32,624.00","67.98K","0.56%"
"2021-3-12","32,772.00","32,494.00","32,822.00","32,389.00","110.35K","0.90%"
"2021-3-11","32,479.00","32,352.00","32,641.00","32,254.00","165.77K","0.62%"
"2021-3-10","32,279.00","31,868.00","32,373.00","31,727.00","216.99K","1.47%"
"2021-3-9","31,811.00","31,857.00","32,118.00","31,792.00","202.66K","0.11%"
"2021-3-8","31,776.00","31,562.00","32,114.00","31,287.00","289.39K","0.99%"
"2021-3-5","31,465.00","30,899.00","31,545.00","30,641.00","342.92K","1.90%"
"2021-3-4","30,878.00","31,259.00","31,436.00","30,512.00","410.09K","-1.15%"
"2021-3-3","31,236.00","31,364.00","31,609.00","31,216.00","255.15K","-0.39%"
"2021-3-2","31,358.00","31,537.00","31,587.00","31,281.00","207.25K","-0.48%"
"2021-3-1","31,509.00","30,981.00","31,637.00","30,934.00","207.99K","1.93%"
"2021-2-26","30,912.00","31,308.00","31,456.00","30,803.00","372.58K","-1.46%"
"2021-2-25","31,371.00","31,939.00","32,033.00","31,247.00","332.31K","-1.71%"
"2021-2-24","31,916.00","31,481.00","31,964.00","31,322.00","247.68K","1.35%"
"2021-2-23","31,492.00","31,500.00","31,615.00","31,103.00","295.74K","0.08%"
"2021-2-22","31,466.00","31,460.00","31,592.00","31,190.00","214.66K","0.10%"
"2021-2-19","31,433.00","31,445.00","31,583.00","31,302.00","159.13K","0.01%"
"2021-2-18","31,431.00","31,555.00","31,632.00","31,228.00","194.05K","-0.37%"
"2021-2-17","31,549.00","31,470.00","31,581.00","31,269.00","179.75K","0.29%"
"2021-2-16","31,458.00","31,425.00","31,662.00","31,373.00","184.81K","-0.34%"
"2021-2-15","31,564.00","31,433.50","31,612.00","31,432.00","","0.42%"
"2021-2-14","31,433.50","31,413.00","31,471.00","31,413.00","","0.12%"
"2021-2-12","31,397.00","31,350.00","31,420.00","31,216.00","111.29K","0.12%"
"2021-2-11","31,359.00","31,370.00","31,465.00","31,168.00","135.57K","0.10%"
"2021-2-10","31,328.00","31,318.00","31,451.00","31,119.00","157.71K","0.16%"
"2021-2-9","31,278.00","31,294.00","31,340.00","31,144.00","101.80K","0.03%"
"2021-2-8","31,268.00","31,126.00","31,296.00","31,050.00","110.82K","0.73%"
"2021-2-5","31,042.00","30,968.00","31,149.00","30,924.00","120.89K","0.30%"
"2021-2-4","30,950.00","30,694.00","30,990.00","30,542.00","114.24K","1.05%"
"2021-2-3","30,627.00","30,609.00","30,720.00","30,412.00","130.70K","0.13%"
"2021-2-2","30,586.00","30,122.00","30,738.00","30,070.00","153.45K","1.58%"
"2021-2-1","30,110.00","29,810.00","30,235.00","29,552.00","170.38K","0.77%"
"2021-1-29","29,879.00","30,445.00","30,521.00","29,754.00","316.41K","-2.06%"
"2021-1-28","30,507.00","30,190.00","30,843.00","29,950.00","297.30K","1.05%"
"2021-1-27","30,189.00","30,848.00","30,884.00","30,053.00","276.29K","-2.12%"
"2021-1-26","30,842.00","30,853.00","31,017.00","30,666.00","153.22K","-0.08%"
"2021-1-25","30,868.00","30,920.00","31,015.00","30,457.00","239.89K","-0.13%"
"2021-1-22","30,909.00","31,058.00","31,086.00","30,791.00","141.82K","-0.56%"
"2021-1-21","31,082.00","31,064.00","31,188.00","31,016.00","120.35K","-0.05%"
"2021-1-20","31,096.00","30,850.00","31,134.00","30,772.00","140.80K","0.87%"
"2021-1-19","30,828.00","30,628.00","30,982.00","30,605.00","191.00K","0.16%"
"2021-1-18","30,779.00","30,660.00","30,784.00","30,613.00","","0.37%"
"2021-1-17","30,664.50","30,626.00","30,727.00","30,621.00","","-0.18%"
"2021-1-15","30,720.00","30,905.00","30,957.00","30,506.00","198.84K","-0.61%"
"2021-1-14","30,909.00","30,990.00","31,116.00","30,882.00","127.42K","-0.16%"
"2021-1-13","30,959.00","30,956.00","31,060.00","30,869.00","131.91K","-0.05%"
"2021-1-12","30,974.00","30,928.00","31,012.00","30,777.00","128.91K","0.23%"
"2021-1-11","30,902.00","30,970.00","31,022.00","30,638.00","166.35K","-0.29%"
"2021-1-8","30,993.00","30,951.00","31,148.00","30,687.00","190.44K","0.16%"
"2021-1-7","30,942.00","30,790.00","31,087.00","30,696.00","167.87K","0.72%"
"2021-1-6","30,720.00","30,287.00","30,912.00","30,154.00","314.93K","1.44%"
"2021-1-5","30,285.00","30,108.00","30,393.00","29,974.00","188.61K","0.60%"
"2021-1-4","30,104.00","30,481.00","30,691.00","29,760.00","266.25K","-1.24%"
"2021-1-1","30,482.00","30,482.00","30,482.00","30,482.00","","-0.05%"
"2020-12-31","30,497.00","30,328.00","30,526.00","30,230.00","82.99K","0.64%"
"2020-12-30","30,302.00","30,273.00","30,416.00","30,211.00","96.13K","0.21%"
"2020-12-29","30,238.00","30,318.00","30,502.00","30,166.00","116.98K","-0.22%"
"2020-12-28","30,305.00","30,028.00","30,418.00","29,956.00","111.13K","0.65%"
"2020-12-24","30,109.00","30,083.00","30,151.00","29,997.00","51.43K","0.25%"
"2020-12-23","30,034.00","29,903.00","30,182.00","29,735.00","130.35K","0.41%"
"2020-12-22","29,912.00","30,100.00","30,150.00","29,879.00","153.13K","-0.67%"
"2020-12-21","30,113.00","30,300.00","30,333.00","29,318.00","278.39K","-0.82%"
"2020-12-18","30,363.11","30,289.00","30,390.00","30,170.00","2.31K","0.23%"
"2020-12-17","30,293.00","30,172.00","30,340.00","30,150.00","19.48K","0.44%"
"2020-12-16","30,161.00","30,238.00","30,321.00","30,084.00","28.50K","-0.14%"
"2020-12-15","30,203.00","29,938.00","30,241.00","29,840.00","62.64K","1.13%"
"2020-12-14","29,865.00","30,134.00","30,325.00","29,848.00","87.52K","-0.56%"
"2020-12-11","30,033.00","30,043.00","30,089.00","29,721.00","105.66K","0.08%"
"2020-12-10","30,010.00","30,062.00","30,149.00","29,868.00","155.18K","-0.18%"
"2020-12-9","30,063.00","30,206.00","30,309.00","29,946.00","187.33K","-0.35%"
"2020-12-8","30,170.00","29,988.00","30,237.00","29,852.00","145.65K","0.38%"
"2020-12-7","30,057.00","30,174.00","30,265.00","29,954.00","131.54K","-0.47%"
"2020-12-4","30,198.00","29,945.00","30,216.00","29,935.00","120.26K","0.89%"
"2020-12-3","29,932.00","29,886.00","30,092.00","29,755.00","155.24K","0.21%"
"2020-12-2","29,868.00","29,765.00","29,907.00","29,589.00","146.36K","0.21%"
"2020-12-1","29,804.00","29,680.00","30,057.00","29,614.00","170.02K","0.59%"
"2020-11-30","29,629.00","29,914.00","29,972.00","29,428.00","171.26K","-0.82%"
"2020-11-27","29,874.00","29,862.00","29,978.00","29,696.00","98.41K","0.36%"
"2020-11-26","29,765.50","29,847.00","29,907.50","29,724.50","","-0.21%"
"2020-11-25","29,828.00","30,029.00","30,165.00","29,757.00","138.71K","-0.57%"
"2020-11-24","29,998.00","29,560.00","30,067.00","29,552.00","153.62K","1.53%"
"2020-11-23","29,546.00","29,133.00","29,621.00","29,116.00","154.47K","1.14%"
"2020-11-20","29,212.00","29,270.00","29,440.00","29,123.00","148.85K","-0.78%"
"2020-11-19","29,443.00","29,370.00","29,476.00","29,182.00","161.85K","0.18%"
"2020-11-18","29,391.00","29,693.00","29,896.00","29,331.00","164.84K","-1.11%"
"2020-11-17","29,720.00","29,892.00","29,898.00","29,449.00","155.95K","-0.49%"
"2020-11-16","29,865.00","29,435.00","29,998.00","29,435.00","164.29K","1.55%"
"2020-11-13","29,410.00","29,060.00","29,483.00","28,858.00","156.90K","1.44%"
"2020-11-12","28,992.00","29,366.00","29,367.00","28,815.00","185.69K","-1.09%"
"2020-11-11","29,311.00","29,360.00","29,570.00","29,184.00","167.39K","-0.03%"
"2020-11-10","29,319.00","29,092.00","29,389.00","28,781.00","227.54K","0.93%"
"2020-11-9","29,048.00","28,386.00","30,000.00","28,328.00","313.05K","2.99%"
"2020-11-6","28,204.00","28,319.00","28,457.00","27,966.00","207.26K","-0.33%"
"2020-11-5","28,297.00","27,832.00","28,390.00","27,648.00","193.71K","2.03%"
"2020-11-4","27,735.00","27,401.00","28,194.00","26,903.00","309.16K","1.31%"
"2020-11-3","27,376.00","26,852.00","27,534.00","26,807.00","179.27K","2.16%"
"2020-11-2","26,796.00","26,372.00","26,938.00","26,172.00","218.40K","1.52%"
"2020-10-30","26,394.00","26,303.00","26,533.00","25,953.00","299.85K","-0.61%"
"2020-10-29","26,557.00","26,482.00","26,803.00","26,162.00","288.64K","0.56%"
"2020-10-28","26,409.00","27,241.00","27,267.00","26,390.00","335.79K","-3.49%"
"2020-10-27","27,365.00","27,581.00","27,713.00","27,232.00","177.04K","-0.78%"
"2020-10-26","27,581.00","28,150.00","28,150.00","27,259.00","231.10K","-2.16%"
"2020-10-23","28,189.00","28,313.00","28,392.00","28,045.00","132.13K","-0.28%"
"2020-10-22","28,268.00","28,130.00","28,313.00","27,896.00","152.05K","0.48%"
"2020-10-21","28,134.00","28,187.00","28,378.00","28,077.00","170.68K","-0.17%"
"2020-10-20","28,182.00","28,182.00","28,466.00","28,048.00","170.40K","0.29%"
"2020-10-19","28,100.00","28,496.00","28,669.00","28,025.00","156.94K","-1.08%"
"2020-10-16","28,408.00","28,417.00","28,732.00","28,332.00","174.91K","0.08%"
"2020-10-15","28,386.00","28,405.00","28,454.00","28,025.00","222.12K","-0.10%"
"2020-10-14","28,414.00","28,577.00","28,726.00","28,343.00","198.47K","-0.60%"
"2020-10-13","28,585.00","28,807.00","28,824.00","28,485.00","217.67K","-0.74%"
"2020-10-12","28,798.00","28,518.00","28,846.00","28,433.00","173.93K","0.98%"
"2020-10-9","28,518.00","28,378.00","28,570.00","28,324.00","169.79K","0.73%"
"2020-10-8","28,310.00","28,179.00","28,452.00","28,151.00","179.04K","0.46%"
"2020-10-7","28,179.00","27,568.00","28,250.00","27,539.00","193.67K","1.73%"
"2020-10-6","27,700.00","28,010.00","28,232.00","27,531.00","287.02K","-1.05%"
"2020-10-5","27,995.00","27,740.00","28,042.00","27,646.00","169.81K","1.56%"
"2020-10-2","27,565.00","27,680.00","27,741.00","27,109.00","281.07K","-0.45%"
"2020-10-1","27,689.00","27,606.00","27,962.00","27,543.00","267.51K","0.09%"
"2020-9-30","27,664.00","27,354.00","27,904.00","27,039.00","297.64K","0.93%"
"2020-9-29","27,408.00","27,498.00","27,619.00","27,213.00","175.15K","-0.27%"
"2020-9-28","27,482.00","27,060.00","27,600.00","27,060.00","181.94K","1.62%"
"2020-9-25","27,043.00","26,772.00","27,123.00","26,424.00","213.70K","1.23%"
"2020-9-24","26,715.00","26,690.00","26,971.00","26,407.00","254.51K","0.11%"
"2020-9-23","26,685.00","27,219.00","27,392.00","26,586.00","235.98K","-1.69%"
"2020-9-22","27,143.00","27,000.00","27,207.00","26,858.00","199.34K","0.33%"
"2020-9-21","27,055.00","27,568.00","27,663.00","26,584.00","264.29K","-2.71%"
"2020-9-18","27,807.30","27,900.00","27,995.00","27,762.00","0.90K","-0.47%"
"2020-9-17","27,938.00","28,069.00","28,112.00","27,550.00","36.70K","-0.41%"
"2020-9-16","28,054.00","28,037.00","28,367.00","27,965.00","31.93K","0.10%"
"2020-9-15","28,027.00","27,978.00","28,245.00","27,933.00","50.84K","0.12%"
"2020-9-14","27,993.00","27,706.00","28,086.00","27,699.00","75.18K","1.38%"
"2020-9-11","27,612.00","27,564.00","27,828.00","27,440.00","113.00K","0.24%"
"2020-9-10","27,545.00","27,944.00","28,159.00","27,432.00","228.78K","-1.53%"
"2020-9-9","27,972.00","27,376.00","28,196.00","27,185.00","220.39K","1.62%"
"2020-9-8","27,525.00","28,136.00","28,404.00","27,440.00","383.74K","-2.82%"
"2020-9-7","28,324.50","28,064.00","28,362.00","27,968.00","","0.92%"
"2020-9-6","28,067.00","28,063.50","28,142.00","27,887.00","","-0.02%"
"2020-9-4","28,074.00","28,301.00","28,592.00","27,643.00","389.76K","-0.98%"
"2020-9-3","28,351.00","29,076.00","29,180.00","28,052.00","328.25K","-2.54%"
"2020-9-2","29,090.00","28,637.00","29,152.00","28,611.00","213.54K","1.64%"
"2020-9-1","28,622.00","28,379.00","28,654.00","28,257.00","165.11K","0.72%"
"2020-8-31","28,416.00","28,679.00","28,783.00","28,333.00","187.25K","-0.68%"
"2020-8-28","28,611.00","28,515.00","28,718.00","28,442.00","147.83K","0.50%"
"2020-8-27","28,468.00","28,312.00","28,590.00","28,181.00","210.28K","0.55%"
"2020-8-26","28,312.00","28,215.00","28,339.00","28,095.00","144.03K","0.42%"
"2020-8-25","28,193.00","28,244.00","28,480.00","28,042.00","184.07K","-0.16%"
"2020-8-24","28,239.00","27,900.00","28,266.00","27,877.00","157.20K","1.36%"
"2020-8-21","27,859.00","27,676.00","27,904.00","27,473.00","175.76K","0.69%"
"2020-8-20","27,669.00","27,645.00","27,717.00","27,392.00","161.16K","0.13%"
"2020-8-19","27,632.00","27,744.00","27,855.00","27,560.00","159.84K","-0.31%"
"2020-8-18","27,717.00","27,779.00","27,904.00","27,596.00","142.73K","-0.21%"
"2020-8-17","27,775.00","27,840.00","27,928.00","27,736.00","111.62K","-0.06%"
"2020-8-14","27,792.00","27,828.00","27,911.00","27,592.00","150.51K","-0.11%"
"2020-8-13","27,823.00","27,858.00","27,933.00","27,708.00","141.14K","-0.15%"
"2020-8-12","27,866.00","27,700.00","27,963.00","27,612.00","162.04K","0.91%"
"2020-8-11","27,614.00","27,690.00","28,069.00","27,532.00","236.39K","-0.23%"
"2020-8-10","27,679.00","27,364.00","27,713.00","27,260.00","169.12K","1.27%"
"2020-8-7","27,333.00","27,292.00","27,371.00","27,105.00","188.77K","0.18%"
"2020-8-6","27,285.00","27,067.00","27,301.00","26,924.00","177.41K","0.85%"
"2020-8-5","27,055.00","26,749.00","27,114.00","26,666.00","155.15K","1.27%"
"2020-8-4","26,717.00","26,561.00","26,744.00","26,439.00","145.52K","0.60%"
"2020-8-3","26,558.00","26,400.00","26,603.00","26,197.00","140.69K","0.91%"
"2020-7-31","26,319.00","26,414.00","26,457.00","25,905.00","235.90K","0.39%"
"2020-7-30","26,218.00","26,454.00","26,477.00","25,881.00","214.15K","-0.84%"
"2020-7-29","26,440.00","26,295.00","26,500.00","26,187.00","138.13K","0.54%"
"2020-7-28","26,297.00","26,512.00","26,599.00","26,252.00","147.52K","-0.71%"
"2020-7-27","26,484.00","26,275.00","26,523.00","26,232.00","141.72K","0.62%"
"2020-7-24","26,322.00","26,548.00","26,615.00","26,290.00","179.33K","-0.83%"
"2020-7-23","26,543.00","26,885.00","27,057.00","26,449.00","193.08K","-1.27%"
"2020-7-22","26,884.00","26,727.00","26,928.00","26,526.00","163.00K","0.59%"
"2020-7-21","26,726.00","26,625.00","26,925.00","26,590.00","173.82K","0.35%"
"2020-7-20","26,633.00","26,541.00","26,655.00","26,330.00","168.31K","0.43%"
"2020-7-17","26,520.00","26,565.00","26,724.00","26,502.00","151.72K","-0.12%"
"2020-7-16","26,553.00","26,814.00","26,858.00","26,465.00","198.31K","-0.79%"
"2020-7-15","26,765.00","26,644.00","27,063.00","26,571.00","242.95K","1.03%"
"2020-7-14","26,491.00","25,986.00","26,575.00","25,874.00","296.50K","2.01%"
"2020-7-13","25,968.00","26,025.00","26,524.00","25,914.00","265.05K","-0.03%"
"2020-7-10","25,977.00","25,589.00","26,003.00","25,293.00","229.59K","1.59%"
"2020-7-9","25,571.00","25,995.00","26,029.00","25,397.00","239.99K","-1.53%"
"2020-7-8","25,969.00","25,770.00","25,999.00","25,661.00","209.66K","0.77%"
"2020-7-7","25,770.00","26,167.00","26,280.00","25,741.00","192.27K","-1.56%"
"2020-7-6","26,179.00","25,689.00","26,197.00","25,657.00","255.60K","2.15%"
"2020-7-3","25,627.50","25,735.50","25,877.00","25,440.50","","-0.51%"
"2020-7-2","25,759.00","25,549.00","26,088.00","25,515.00","201.49K","0.72%"
"2020-7-1","25,575.00","25,653.00","25,893.00","25,381.00","218.37K","-0.44%"
"2020-6-30","25,689.00","25,479.00","25,772.00","25,301.00","200.32K","0.75%"
"2020-6-29","25,497.00","24,777.00","25,543.00","24,743.00","225.69K","2.19%"
"2020-6-26","24,950.00","25,540.00","25,653.00","24,837.00","262.64K","-2.52%"
"2020-6-25","25,596.00","25,379.00","25,659.00","25,003.00","263.06K","0.80%"
"2020-6-24","25,393.00","25,986.00","26,134.00","25,159.00","281.37K","-2.41%"
"2020-6-23","26,020.00","25,955.00","26,294.00","25,514.00","200.22K","0.26%"
"2020-6-22","25,953.00","25,370.00","25,987.00","25,230.00","176.36K","-2.01%"
"2020-6-19","26,484.22","26,059.00","26,480.00","25,985.00","2.45K","1.77%"
"2020-6-18","26,024.00","26,141.00","26,275.00","25,743.00","33.19K","-0.48%"
"2020-6-17","26,150.00","26,249.00","26,623.00","26,049.00","60.28K","-0.65%"
"2020-6-16","26,320.00","25,834.00","26,779.00","25,789.00","141.05K","2.00%"
"2020-6-15","25,805.00","25,176.00","25,884.00","24,550.00","170.68K","1.05%"
"2020-6-12","25,536.00","25,200.00","25,952.00","25,064.00","274.20K","1.47%"
"2020-6-11","25,165.00","26,954.00","26,997.00","25,060.00","454.09K","-6.66%"
"2020-6-10","26,961.00","27,257.00","27,488.00","26,901.00","266.71K","-1.11%"
"2020-6-9","27,264.00","27,562.00","27,624.00","27,126.00","222.34K","-0.96%"
"2020-6-8","27,527.00","27,124.00","27,563.00","27,031.00","191.22K","1.68%"
"2020-6-5","27,072.00","26,283.00","27,325.00","26,212.00","295.07K","3.12%"
"2020-6-4","26,253.00","26,265.00","26,368.00","26,056.00","227.97K","0.10%"
"2020-6-3","26,228.00","25,701.00","26,328.00","25,679.00","181.75K","2.05%"
"2020-6-2","25,701.00","25,458.00","25,720.00","25,291.00","174.04K","0.93%"
"2020-6-1","25,463.00","25,231.00","25,519.00","25,089.00","175.63K","0.33%"
"2020-5-29","25,378.00","25,448.00","25,500.00","24,991.00","268.92K","-0.31%"
"2020-5-28","25,457.00","25,543.00","25,794.00","25,311.00","230.29K","-0.30%"
"2020-5-27","25,534.00","25,007.00","25,572.00","24,913.00","251.03K","2.13%"
"2020-5-26","25,002.00","24,411.00","25,127.00","24,376.00","252.11K","1.46%"
"2020-5-25","24,642.00","24,547.00","24,734.50","24,432.50","","0.40%"
"2020-5-24","24,543.50","24,442.50","24,560.00","24,393.00","","0.49%"
"2020-5-22","24,424.00","24,377.00","24,506.00","24,101.00","194.13K","0.20%"
"2020-5-21","24,376.00","24,545.00","24,660.00","24,300.00","213.84K","-0.58%"
"2020-5-20","24,519.00","24,125.00","24,583.00","24,076.00","192.90K","1.49%"
"2020-5-19","24,158.00","24,479.00","24,765.00","24,120.00","235.95K","-1.42%"
"2020-5-18","24,507.00","23,600.00","24,640.00","23,538.00","209.13K","4.21%"
"2020-5-15","23,517.00","23,526.00","23,677.00","23,241.00","272.38K","-0.07%"
"2020-5-14","23,534.00","23,232.00","23,592.00","22,704.00","328.59K","1.59%"
"2020-5-13","23,166.00","23,494.00","23,780.00","22,980.00","308.74K","-1.73%"
"2020-5-12","23,574.00","24,105.00","24,293.00","23,468.00","209.79K","-2.28%"
"2020-5-11","24,124.00","24,228.00","24,471.00","23,973.00","175.63K","-0.67%"
"2020-5-8","24,286.00","23,855.00","24,327.00","23,849.00","156.06K","1.86%"
"2020-5-7","23,843.00","23,493.00","23,999.00","23,428.00","169.83K","1.40%"
"2020-5-6","23,513.00","23,762.00","23,995.00","23,497.00","179.24K","-1.04%"
"2020-5-5","23,761.00","23,587.00","24,057.00","23,577.00","177.19K","0.81%"
"2020-5-4","23,571.00","23,364.00","23,658.00","23,208.00","157.51K","-0.20%"
"2020-5-1","23,619.00","24,052.00","24,078.00","23,530.00","169.78K","-2.52%"
"2020-4-30","24,230.00","24,676.00","24,792.00","24,072.00","204.63K","-1.37%"
"2020-4-29","24,566.00","24,036.00","24,688.00","23,971.00","178.48K","2.17%"
"2020-4-28","24,045.00","24,015.00","24,435.00","23,878.00","192.24K","0.19%"
"2020-4-27","23,999.00","23,647.00","24,100.00","23,535.00","143.53K","1.44%"
"2020-4-24","23,658.00","23,332.00","23,730.00","23,155.00","169.75K","1.38%"
"2020-4-23","23,337.00","23,375.00","23,772.00","23,231.00","211.39K","-0.08%"
"2020-4-22","23,356.00","22,976.00","23,503.00","22,815.00","179.29K","1.86%"
"2020-4-21","22,929.00","23,457.00","23,682.00","22,814.00","249.72K","-2.38%"
"2020-4-20","23,488.00","24,088.00","24,203.00","23,441.00","208.15K","-2.78%"
"2020-4-17","24,159.00","24,072.00","24,327.00","23,701.00","231.63K","3.21%"
"2020-4-16","23,407.00","23,332.00","23,767.00","23,079.00","236.01K","0.07%"
"2020-4-15","23,391.00","23,911.00","23,967.00","23,103.00","184.47K","-2.05%"
"2020-4-14","23,880.00","23,320.00","23,922.00","23,250.00","174.57K","2.45%"
"2020-4-13","23,309.00","23,839.00","23,911.00","22,968.00","159.04K","-1.55%"
"2020-4-10","23,676.00","23,676.00","23,676.00","23,676.00","","0.25%"
"2020-4-9","23,618.00","23,298.00","23,889.00","23,020.00","262.87K","1.60%"
"2020-4-8","23,246.00","22,479.00","23,394.00","22,244.00","238.33K","3.36%"
"2020-4-7","22,491.00","22,496.00","23,477.00","22,300.00","275.76K","0.01%"
"2020-4-6","22,488.00","20,944.00","22,663.00","20,944.00","222.34K","7.31%"
"2020-4-3","20,957.00","21,272.00","21,352.00","20,740.00","169.30K","-1.49%"
"2020-4-2","21,273.00","20,819.00","21,374.00","20,500.00","247.19K","2.57%"
"2020-4-1","20,740.00","21,702.00","21,702.00","20,648.00","207.28K","-4.65%"
"2020-3-31","21,751.00","22,186.00","22,386.00","21,641.00","173.68K","-1.88%"
"2020-3-30","22,167.00","20,926.00","22,239.00","20,778.00","198.02K","3.41%"
"2020-3-27","21,437.00","22,520.00","22,545.00","21,316.00","258.11K","-4.08%"
"2020-3-26","22,348.00","21,058.00","22,449.00","20,510.00","335.33K","6.29%"
"2020-3-25","21,026.00","20,679.00","21,892.00","20,279.00","334.53K","2.03%"
"2020-3-24","20,608.00","18,584.00","20,710.00","18,584.00","287.35K","11.41%"
"2020-3-23","18,497.00","18,504.00","19,804.00","18,086.00","308.16K","-8.68%"
"2020-3-20","20,255.53","19,712.00","20,999.00","19,543.00","1.96K","1.26%"
"2020-3-19","20,003.00","19,996.00","20,497.00","18,993.00","54.06K","0.11%"
"2020-3-18","19,981.00","20,791.00","20,954.00","18,904.00","87.33K","-4.70%"
"2020-3-17","20,966.00","20,381.00","21,380.00","19,872.00","121.86K","2.78%"
"2020-3-16","20,399.00","22,867.00","22,899.00","20,062.00","113.14K","-11.26%"
"2020-3-13","22,988.00","20,769.00","23,147.00","20,388.00","232.40K","9.03%"
"2020-3-12","21,085.00","23,565.00","23,851.00","20,875.00","465.61K","-10.56%"
"2020-3-11","23,575.00","24,838.00","24,890.00","23,300.00","495.35K","-5.13%"
"2020-3-10","24,849.00","23,727.00","25,020.00","23,424.00","523.50K","4.07%"
"2020-3-9","23,877.00","25,356.00","25,356.00","23,549.00","335.68K","-7.41%"
"2020-3-6","25,789.00","26,143.00","26,282.00","25,193.00","581.21K","-1.04%"
"2020-3-5","26,060.00","26,921.00","26,973.00","25,915.00","461.26K","-3.36%"
"2020-3-4","26,965.00","25,809.00","27,075.00","25,688.00","381.74K","4.19%"
"2020-3-3","25,880.00","26,562.00","27,059.00","25,679.00","607.05K","-2.22%"
"2020-3-2","26,468.00","25,196.00","26,711.00","24,851.00","637.92K","4.35%"
"2020-2-28","25,364.00","25,522.00","25,772.00","24,675.00","735.82K","-0.74%"
"2020-2-27","25,552.00","26,820.00","26,977.00","25,500.00","689.08K","-5.06%"
"2020-2-26","26,914.00","27,124.00","27,519.00","26,692.00","588.27K","-0.75%"
"2020-2-25","27,117.00","27,927.00","28,234.00","26,976.00","571.42K","-3.04%"
"2020-2-24","27,968.00","28,745.00","28,754.00","27,887.00","503.60K","-3.50%"
"2020-2-21","28,981.00","29,154.00","29,176.00","28,871.00","322.58K","-0.65%"
"2020-2-20","29,171.00","29,366.00","29,434.00","28,931.00","288.12K","-0.57%"
"2020-2-19","29,337.00","29,240.00","29,397.00","29,232.00","153.04K","0.43%"
"2020-2-18","29,211.00","29,384.00","29,476.00","29,100.00","268.67K","-0.49%"
"2020-2-17","29,356.00","29,441.00","29,475.00","29,327.50","","-0.30%"
"2020-2-16","29,445.50","29,379.50","29,463.50","29,377.50","","0.17%"
"2020-2-14","29,395.00","29,446.00","29,519.00","29,267.00","174.89K","-0.13%"
"2020-2-13","29,432.00","29,529.00","29,543.00","29,245.00","220.17K","-0.31%"
"2020-2-12","29,523.00","29,261.00","29,538.00","29,209.00","172.70K","1.01%"
"2020-2-11","29,229.00","29,237.00","29,395.00","29,162.00","198.86K","-0.05%"
"2020-2-10","29,245.00","29,021.00","29,250.00","28,850.00","198.76K","0.69%"
"2020-2-7","29,044.00","29,357.00","29,367.00","29,006.00","228.30K","-0.97%"
"2020-2-6","29,328.00","29,248.00","29,475.00","29,186.00","238.29K","0.30%"
"2020-2-5","29,241.00","28,776.00","29,275.00","28,692.00","276.32K","1.57%"
"2020-2-4","28,789.00","28,366.00","28,847.00","28,287.00","222.74K","1.51%"
"2020-2-3","28,361.00","28,159.00","28,573.00","28,136.00","269.20K","0.59%"
"2020-1-31","28,196.00","28,838.00","28,881.00","28,105.00","369.13K","-2.07%"
"2020-1-30","28,791.00","28,718.00","28,843.00","28,432.00","347.45K","0.28%"
"2020-1-29","28,710.00","28,736.00","28,888.00","28,650.00","235.91K","0.00%"
"2020-1-28","28,710.00","28,479.00","28,780.00","28,471.00","261.24K","0.80%"
"2020-1-27","28,481.00","28,720.00","28,732.00","28,405.00","363.77K","-1.56%"
"2020-1-24","28,933.00","29,129.00","29,241.00","28,796.00","301.31K","-0.67%"
"2020-1-23","29,127.00","29,112.00","29,150.00","28,924.00","232.28K","-0.04%"
"2020-1-22","29,140.00","29,177.00","29,309.00","29,093.00","192.70K","-0.13%"
"2020-1-21","29,179.00","29,280.00","29,318.00","29,108.00","238.63K","-0.34%"
"2020-1-20","29,280.00","29,307.50","29,317.50","29,230.00","","-0.09%"
"2020-1-19","29,306.00","29,272.00","29,308.50","29,263.00","","0.09%"
"2020-1-17","29,279.00","29,245.00","29,362.00","29,242.00","170.08K","0.13%"
"2020-1-16","29,240.00","29,034.00","29,263.00","29,032.00","152.87K","0.73%"
"2020-1-15","29,029.00","28,934.00","29,090.00","28,838.00","224.03K","0.33%"
"2020-1-14","28,934.00","28,874.00","29,015.00","28,737.00","232.55K","0.22%"
"2020-1-13","28,871.00","28,775.00","28,907.00","28,775.00","141.63K","0.33%"
"2020-1-10","28,777.00","28,930.00","29,022.00","28,751.00","183.36K","-0.53%"
"2020-1-9","28,929.00","28,772.00","28,953.00","28,745.00","181.59K","0.55%"
"2020-1-8","28,770.00","28,502.00","28,833.00","28,084.00","337.25K","0.86%"
"2020-1-7","28,526.00","28,636.00","28,739.00","28,446.00","198.21K","-0.40%"
"2020-1-6","28,642.00","28,494.00","28,700.00","28,351.00","218.79K","0.14%"
"2020-1-3","28,602.00","28,844.00","28,893.00","28,431.00","245.78K","-0.83%"
"2020-1-2","28,841.00","28,553.00","28,871.00","28,538.00","183.58K","0.96%"
"2020-1-1","28,568.00","28,548.00","28,590.00","28,539.00","","0.21%"